識別番号,分野,頻出度,言葉,読み,文章,漢字1,読み1,漢字2,読み2
0,a音読み,A,騒擾,そうじょう,過激派が騒擾を起こした。,騒擾,そうじょう,X,X
1,a音読み,A,嚇怒,かくど,嚇怒した顔で睨みつける。,嚇怒,かくど,X,X
2,a音読み,A,汀渚,ていしょ,汀渚に野鳥が群れている。,汀渚,ていしょ,X,X
3,a音読み,A,這般,しゃはん,這般の状勢により撤退を決定した。,這般,しゃはん,X,X
4,a音読み,A,儲君,ちょくん,儲君として厳格な教育を受ける。,儲君,ちょくん,X,X
5,a音読み,A,誰何,すいか,事件現場の近くで景観に誰何された。,誰何,すいか,X,X
6,a音読み,A,脇息,きょうそく,座布団にすわり脇息で体を支える。,脇息,きょうそく,X,X
7,a音読み,A,弘誓,ぐぜい,菩薩の弘誓は海のように広く深い。,弘誓,ぐぜい,X,X
8,a音読み,A,後胤,こういん,天皇の後胤として大切にされる。,後胤,こういん,X,X
9,a音読み,A,快哉,かいさい,敵陣突破に快哉を叫ぶ。,快哉,かいさい,X,X
10,a音読み,A,鶯遷,おうせん,鶯遷を祝い、宴会を催す。,鶯遷,おうせん,X,X
11,a音読み,A,壺中,こちゅう,壺中の天に遊ぶ。,壺中,こちゅう,X,X
12,a音読み,A,一揖,いちゆう,一揖してその場を去った。,一揖,いちゆう,X,X
13,a音読み,A,危殆,きたい,両国の関係は危殆に瀕している。,危殆,きたい,X,X
14,a音読み,A,紛擾,ふんじょう,些細なことかた紛擾した。,紛擾,ふんじょう,X,X
15,a音読み,A,釜中,ふちゅう,釜中の魚、絶体絶命だ。,釜中,ふちゅう,X,X
16,a音読み,A,上巳,じょうし,上巳は五節句の一つだ。,上巳,じょうし,X,X
17,a音読み,A,井蛙,せいあ,井蛙大海を知らず。,井蛙,せいあ,X,X
18,a音読み,A,穆,ぼく,穆として清風の如き人だ。,穆,ぼく,X,X
19,a音読み,A,杵臼,しょきゅう,身分を越えた杵臼の交わりを持つ。,杵臼,しょきゅう,X,X
20,a音読み,A,灘響,だんきょう,旅の宿で灘響を聞く。,灘響,だんきょう,X,X
21,a音読み,A,貼付,ちょうふ,切手を貼付する。,貼付,ちょうふ,X,X
22,a音読み,A,古諺,こげん,世界の古諺を比較する。,古諺,こげん,X,X
23,a音読み,A,豪宕,ごうとう,豪宕な性格で一目おかれている。,豪宕,ごうとう,X,X
24,a音読み,A,推戴,すいたい,彼を総裁として推戴する。,推戴,すいたい,X,X
25,a音読み,A,怨念,おんねん,積年の怨念を晴らす。,怨念,おんねん,X,X
26,a音読み,A,巽言,そんげん,巽言の重みに感服する。,巽言,そんげん,X,X
27,a音読み,A,烏有,うゆう,火事のため烏有に帰してしまった。,烏有,うゆう,X,X
28,a音読み,A,牝牡,ひんぼ,生まれた子馬の牝牡を確かめる。,牝牡,ひんぼ,X,X
29,a音読み,A,謬言,びゅうげん,謬言を恥じて口をつぐむ。,謬言,びゅうげん,X,X
30,a音読み,A,俗諺,ぞくげん,地域の俗諺を調べる。,俗諺,ぞくげん,X,X
31,a音読み,A,雛僧,すうそう,案内役の雛僧。,雛僧,すうそう,X,X
32,a音読み,A,孜孜,しし,孜孜として学問に励む。,孜孜,しし,X,X
33,a音読み,A,慧眼,けいがん,時代を見抜く慧眼で危機を乗り切る。,慧眼,けいがん,X,X
34,a音読み,A,櫛比,しっぴ,この辺りは建物が櫛比している。,櫛比,しっぴ,X,X
35,a音読み,A,稗史,はいし,土地の稗史に興味がある。,稗史,はいし,X,X
36,a音読み,A,膝下,しっか,未だ父母の膝下に留まる。,膝下,しっか,X,X
37,a音読み,A,紐帯,ちゅうたい,同盟の紐帯となる条約を結ぶ。,紐帯,ちゅうたい,X,X
38,a音読み,A,禰宜,ねぎ,禰宜は神主の下に位する。,禰宜,ねぎ,X,X
39,a音読み,A,弥縫,びほう,仕事での失敗を弥縫する。,弥縫,びほう,X,X
40,a音読み,A,廠舎,しょうしゃ,演習用に廠舎が仮設される。,廠舎,しょうしゃ,X,X
41,a音読み,A,祁寒,きかん,祁寒でも子供たちは元気だ。,祁寒,きかん,X,X
42,a音読み,A,郁郁,いくいく,郁郁たる梅花に時を忘れる。,郁郁,いくいく,X,X
43,a音読み,A,翠嵐,すいらん,翠嵐のなかを歩く。,翠嵐,すいらん,X,X
44,a音読み,A,穆穆,ぼくぼく,穆穆たる天子に仕える。,穆穆,ぼくぼく,X,X
45,a音読み,A,熊胆,ゆうたん,熊胆は胃薬などとして珍重される。,熊胆,ゆうたん,X,X
46,a音読み,A,爾汝,じじょ,彼とは爾汝の間柄だ。,爾汝,じじょ,X,X
47,a音読み,A,頸椎,けいつい,サッカーで頸椎を損傷する。,頸椎,けいつい,X,X
48,a音読み,A,暴戻,ぼうれい,暴戻な領主に抗議する。,暴戻,ぼうれい,X,X
49,a音読み,A,罫紙,けいし,花の描かれた罫紙を購入する。,罫紙,けいし,X,X
50,a音読み,A,蔚蔚,うつうつ,蔚蔚たる原始林が広がる。,蔚蔚,うつうつ,X,X
51,a音読み,A,抹消,まっしょう,抹消にとらわれて本質を忘れる。,抹消,まっしょう,X,X
52,a音読み,A,碩学,せきがく,宇宙工学の碩学として有名だ。,碩学,せきがく,X,X
53,a音読み,A,払拭,ふっしょく,政治家の疑惑が払拭できない。,払拭,ふっしょく,X,X
54,a音読み,A,晦渋,かいじゅう,晦渋な文章を読み下す。,晦渋,かいじゅう,X,X
55,a音読み,A,夙夜,しゅくや,夙夜、仕事に勤しむ。,夙夜,しゅくや,X,X
56,a音読み,A,翠黛,すいたい,翠黛の山に絵筆をとる。,翠黛,すいたい,X,X
57,a音読み,A,馴化,じゅんか,植物が土地に馴化していく。,馴化,じゅんか,X,X
58,a音読み,A,造詣,ぞうけい,文化人類学に造詣が深い。,造詣,ぞうけい,X,X
59,a音読み,A,補綴,ほてい,古句を補綴し詩文を作る。,補綴,ほてい,X,X
60,a音読み,A,枕頭,ちんとう,父の枕頭にはいつも本がある。,枕頭,ちんとう,X,X
61,a音読み,A,厨子,ずし,堂内の厨子に秘仏を安置する。,厨子,ずし,X,X
62,a音読み,A,無碍,むげ,融通無碍の境地に達する。,無碍,むげ,X,X
63,a音読み,A,亥月,がいげつ,亥月を迎えて紅葉が見頃だ。,亥月,がいげつ,X,X
64,a音読み,A,艶冶,えんや,舞台で艶冶な舞いを披露する。,艶冶,えんや,X,X
65,a音読み,A,蓑笠,さりゅう,吹雪の中、蓑笠の翁に出会った。,蓑笠,さりゅう,X,X
66,a音読み,A,亀卜,きぼく,古代中国では亀卜で占った。,亀卜,きぼく,X,X
67,a音読み,A,痩?,そうく,長身痩?でモデルのようだ。,痩?,そうく,X,X
68,a音読み,A,徽章,きしょう,徽章を胸につける。,徽章,きしょう,X,X
69,a音読み,A,?脱,せんだつ,?脱の境地に達する。,?脱,せんだつ,X,X
70,a音読み,A,犀利,さいり,犀利な筆致でぐいぐい読ませる。,犀利,さいり,X,X
71,a音読み,A,?職,とくしょく,助役が?職で捕まった。,?職,とくしょく,X,X
72,a音読み,A,捺印,なついん,互いに署名捺印する。,捺印,なついん,X,X
73,a音読み,A,桐油,とうゆ,番傘には桐油を使う。,桐油,とうゆ,X,X
74,a音読み,A,挽歌,ばんか,死を悼み挽歌を送る。,挽歌,ばんか,X,X
75,a音読み,A,爪牙,そうが,猛獣が爪牙を向けて獲物に迫る。,爪牙,そうが,X,X
76,a音読み,A,熊掌,ゆうしょう,熊掌は中国で美味の象徴とされている。,熊掌,ゆうしょう,X,X
77,a音読み,A,口吻,こうふん,激しい口吻でなじられた。,口吻,こうふん,X,X
78,a音読み,A,椿事,ちんじ,正月から椿事が起こる。,椿事,ちんじ,X,X
79,a音読み,A,尤物,ゆうぶつ,彼はなかなかの尤物だ。,尤物,ゆうぶつ,X,X
80,a音読み,A,禾穀,かこく,禾穀の豊かな土地で生活する。,禾穀,かこく,X,X
81,a音読み,A,厩舎,きゅうしゃ,厩舎からいななきが聞こえる。,厩舎,きゅうしゃ,X,X
82,a音読み,A,乃公,だいこう,乃公とは自分のことを指す。,乃公,だいこう,X,X
83,a音読み,A,堰堤,えんてい,堰堤を設けて川の水位を調整する。,堰堤,えんてい,X,X
84,a音読み,A,錫杖,しゃくじょう,僧侶が錫杖を鳴らす。,錫杖,しゃくじょう,X,X
85,a音読み,A,欽慕,きんぼ,先生に欽慕の情を抱く。,欽慕,きんぼ,X,X
86,a音読み,A,彼此,ひし,彼此の別について論議する。,彼此,ひし,X,X
87,a音読み,A,暢達,ちょうたつ,人柄が表れた暢達な筆跡だ。,暢達,ちょうたつ,X,X
88,a音読み,A,杏林,きょうりん,杏林とは医者の美称だ。,杏林,きょうりん,X,X
89,a音読み,A,併?,へいどん,内紛に乗じて隣国を併?する。,併?,へいどん,X,X
90,a音読み,A,頓挫,とんざ,資金不足で計画は頓挫した。,頓挫,とんざ,X,X
91,a音読み,A,些事,さじ,些事にこだわると大局を見失う。,些事,さじ,X,X
92,a音読み,A,卿相,けいしょう,昔、高官は卿相と呼ばれていた。,卿相,けいしょう,X,X
93,a音読み,A,都邑,とゆう,ヨーロッパの古き都邑を訪ねる。,都邑,とゆう,X,X
94,a音読み,A,喋喋,ちょうちょう,純文学について喋喋と論じた。,喋喋,ちょうちょう,X,X
95,a音読み,A,鉄桶,てっとう,鉄桶の防備でつけいるすきがない。,鉄桶,てっとう,X,X
96,a音読み,A,仇怨,きゅうえん,積年の仇怨を晴らす時が来た。,仇怨,きゅうえん,X,X
97,a音読み,A,鬱散,うっさん,鬱散に酒でも飲まないか。,鬱散,うっさん,X,X
98,a音読み,A,優渥,ゆうあく,王より優渥なる処遇を受ける。,優渥,ゆうあく,X,X
99,a音読み,A,穎脱,えいだつ,幼少の頃より穎脱した神童だった。,穎脱,えいだつ,X,X
100,a音読み,A,領袖,りょうしゅう,政党の領袖となる。,領袖,りょうしゅう,X,X
101,a音読み,A,賞牌,しょうはい,優勝者に賞牌を授与する。,賞牌,しょうはい,X,X
102,a音読み,A,倭訓,わくん,古代の漢籍に倭訓を付ける。,倭訓,わくん,X,X
103,a音読み,A,蒐集,しゅうしゅう,珍しい世界の切手を蒐集する。,蒐集,しゅうしゅう,X,X
104,a音読み,A,桑梓,そうし,功名を立てて桑梓の地に帰る。,桑梓,そうし,X,X
105,a音読み,A,肴核,こうかく,肴核既に尽きて杯盤狼ぜきたり。,肴核,こうかく,X,X
106,a音読み,A,輔弼,ほひつ,天皇の輔弼として政治を助ける。,輔弼,ほひつ,X,X
107,a音読み,A,匡正,きょうせい,綱紀の匡正を行う。,匡正,きょうせい,X,X
108,a音読み,A,姪孫,てっそん,遠方で暮らす姪孫に文を送る。,姪孫,てっそん,X,X
109,a音読み,A,弓箭,きゅうせん,弓箭の出を鼻にかける。,弓箭,きゅうせん,X,X
110,a音読み,A,頁岩,けつがん,頁岩は泥土が積み重なってできた。,頁岩,けつがん,X,X
111,a音読み,A,九皐,きゅうこう,鶴九皐に鳴き、声、天に聞こゆ。,九皐,きゅうこう,X,X
112,a音読み,A,萱堂,けんどう,萱堂には大変お世話になりました。,萱堂,けんどう,X,X
113,a音読み,A,岡阜,こうふ,岡阜に登って町を眺める。,岡阜,こうふ,X,X
114,a音読み,A,瞳孔,どうこう,ショックで瞳孔が開いた。,瞳孔,どうこう,X,X
115,a音読み,A,禾穂,かすい,稲の禾穂を調べる。,禾穂,かすい,X,X
116,a音読み,A,掻頭,そうとう,初対面で照れくさそうに掻頭する。,掻頭,そうとう,X,X
117,a音読み,A,赫灼,かくしゃく,赫灼たる太陽の光を浴びる。,赫灼,かくしゃく,X,X
118,a音読み,A,茅屋,ぼうおく,茅屋に招いて酒を酌み交わす。,茅屋,ぼうおく,X,X
119,a音読み,A,矛戟,ぼうげき,万死を矛戟の下に免るることを得たり。,矛戟,ぼうげき,X,X
120,a音読み,A,盤桓,ばんかん,終日盤桓して名刹の風景を楽しむ。,盤桓,ばんかん,X,X
121,a音読み,A,馨香,けいこう,人民が徳治の馨香をたたえる。,馨香,けいこう,X,X
122,a音読み,A,世諺,せいげん,日本の古い世諺を調べる。,世諺,せいげん,X,X
123,a音読み,A,瑠璃,るり,瑠璃色に光る宝石に魅せられる。,瑠璃,るり,X,X
124,a音読み,A,捺染,なっせん,伝統的な捺染の技術を伝承する。,捺染,なっせん,X,X
125,a音読み,A,曽遊,そうゆう,曽遊の地を再び訪ねる。,曽遊,そうゆう,X,X
126,a音読み,A,芝蘭,しらん,芝蘭の室に入るが如し。,芝蘭,しらん,X,X
127,a音読み,A,衣桁,いこう,衣桁に着物が掛けてある。,衣桁,いこう,X,X
128,a音読み,A,豊頬,ほうきょう,彼女の母は豊頬の美人だ。,豊頬,ほうきょう,X,X
129,a音読み,A,揖譲,ゆうじょう,古代中国の揖譲の礼を学ぶ。,揖譲,ゆうじょう,X,X
130,a音読み,A,妖姫,ようき,この物語の主人公は妖姫だ。,妖姫,ようき,X,X
131,a音読み,A,秤量,しょうりょう,両者の立場を秤量する。,秤量,しょうりょう,X,X
132,a音読み,A,集輯,しゅうしゅう,昔話を集輯する。,集輯,しゅうしゅう,X,X
133,a音読み,A,蒙昧,もうまい,無知蒙昧の輩ほど楽観している。,蒙昧,もうまい,X,X
134,a音読み,A,烹炊,ほうすい,海軍で烹炊班に所属していた。,烹炊,ほうすい,X,X
135,a音読み,A,腔腸,こうちょう,イソギンチャクは腔腸動物。,腔腸,こうちょう,X,X
136,a音読み,A,斌斌,ひんぴん,恩師の斌斌たる人柄が偲ばれる。,斌斌,ひんぴん,X,X
137,a音読み,A,鰐魚,がくぎょ,鰐魚を海の神とする説話がある。,鰐魚,がくぎょ,X,X
138,a音読み,A,諒恕,りょうじょ,ご諒恕のほどお願い申し上げます。,諒恕,りょうじょ,X,X
139,a音読み,A,竪子,じゅし,竪子与に謀るに足らず。,竪子,じゅし,X,X
140,a音読み,A,樗,ちょ,吾に大樹有り、人之を樗と謂う。,樗,ちょ,X,X
141,a音読み,A,象著,ぞうちょ,象著と玉杯を贈られた。,象著,ぞうちょ,X,X
142,a音読み,A,畢生,ひっせい,畢生の大作を書き上げた。,畢生,ひっせい,X,X
143,a音読み,A,霊廟,れいびょう,先祖の霊をまつる霊廟がある。,霊廟,れいびょう,X,X
144,a音読み,A,城砦,じょうさい,四方に城砦を築く。,城砦,じょうさい,X,X
145,a音読み,A,庚申,こうしん,庚申信仰は道教に由来する。,庚申,こうしん,X,X
146,a音読み,A,耽読,たんどく,時間を忘れて推理小説を耽読した。,耽読,たんどく,X,X
147,a音読み,A,粟粒,ぞくりゅう,表面に粟粒大の汚れが付着する。,粟粒,ぞくりゅう,X,X
148,a音読み,A,杜漏,ずろう,杜漏な計画はすぐに破綻する。,杜漏,ずろう,X,X
149,a音読み,A,伽羅,きゃら,香木の質の良いものを伽羅と呼ぶ。,伽羅,きゃら,X,X
150,a音読み,A,云為,うんい,人の云為をいちいちあげつらう。,云為,うんい,X,X
151,a音読み,A,憐察,れんさつ,苦しい事情をご憐察下さい。,憐察,れんさつ,X,X
152,a音読み,A,?苒,じんぜん,?苒として日を送る。,?苒,じんぜん,X,X
153,a音読み,A,柴扉,さいひ,柴扉に暮らしております。,柴扉,さいひ,X,X
154,a音読み,A,屑屑,せつせつ,屑屑として仕事に励む。,屑屑,せつせつ,X,X
155,a音読み,A,椿寿,ちんじゅ,家族で祖母の椿寿を祝った。,椿寿,ちんじゅ,X,X
156,a音読み,A,厩肥,きゅうひ,厩肥を使って作物を育てる。,厩肥,きゅうひ,X,X
157,a音読み,A,嫉妬,しっと,嫉妬は愛情の裏返しだ。,嫉妬,しっと,X,X
158,a音読み,A,袖珍,しゅうちん,袖珍本を携帯する。,袖珍,しゅうちん,X,X
159,a音読み,A,兜巾,ときん,修験者が兜巾をかぶっている。,兜巾,ときん,X,X
160,a音読み,A,佳肴,かこう,佳肴に舌鼓を打つ。,佳肴,かこう,X,X
161,a音読み,A,邑落,ゆうらく,山中にはいくつかの邑落がある。,邑落,ゆうらく,X,X
162,a音読み,A,推挽,すいばん,全会一致で社長に推挽された。,推挽,すいばん,X,X
163,a音読み,A,禾黍,かしょ,禾黍の生長を楽しみにする。,禾黍,かしょ,X,X
164,a音読み,A,允許,いんきょ,帰国の允許をいただいた。,允許,いんきょ,X,X
165,a音読み,A,稲粟,とうぞく,備蓄しておいた稲粟。,稲粟,とうぞく,X,X
166,a音読み,A,尖兵,せんぺい,戦争では尖兵として戦った。,尖兵,せんぺい,X,X
167,a音読み,A,曳航,えいこう,引きあげられた船が曳航される。,曳航,えいこう,X,X
168,a音読み,A,凋落,ちょうらく,彼の凋落ぶりは目を覆うばかりだ。,凋落,ちょうらく,X,X
169,a音読み,A,廟議,びょうぎ,廟議により決定が下された。,廟議,びょうぎ,X,X
170,a音読み,A,朔北,さくほく,中国の朔北の地を訪れる。,朔北,さくほく,X,X
171,a音読み,A,苧麻,ちょま,苧麻の繊維で布を織り縄を作る。,苧麻,ちょま,X,X
172,a音読み,A,禾穎,かえい,一面の禾穎が秋を告げている。,禾穎,かえい,X,X
173,a音読み,A,塵芥,じんかい,塵芥の処理をきちんと行う。,塵芥,じんかい,X,X
174,a音読み,A,卜占,ぼくせん,大王は卜占にて政事を執り行った。,卜占,ぼくせん,X,X
175,a音読み,A,暁闇,ぎょうあん,暁闇をついて旅路に就いた。,暁闇,ぎょうあん,X,X
176,a音読み,A,貼用,ちょうよう,ここに収入印紙を貼用する。,貼用,ちょうよう,X,X
177,a音読み,A,荻花,てきか,荻花の風景に秋を感じる。,荻花,てきか,X,X
178,a音読み,A,甥姪,せいてつ,甥姪が集まり祝ってくれた。,甥姪,せいてつ,X,X
179,a音読み,A,勾欄,こうらん,橋の勾欄に見事な装飾が施されている。,勾欄,こうらん,X,X
180,a音読み,A,棲息,せいそく,その生き物は木の穴に棲息する。,棲息,せいそく,X,X
181,a音読み,A,鍾愛,しょうあい,路傍で拾った子犬を鍾愛する。,鍾愛,しょうあい,X,X
182,a音読み,A,湛然,たんぜん,彼女の湛然とした態度に感心する。,湛然,たんぜん,X,X
183,a音読み,A,叱正,しっせい,師のご叱正を仰いだ。,叱正,しっせい,X,X
184,a音読み,A,凋残,ちょうざん,凋残の姿に切なさをおぼえる。,凋残,ちょうざん,X,X
185,a音読み,A,補?,ほてん,失敗した事業の赤字を補?する。,補?,ほてん,X,X
186,a音読み,A,厭離,おんり,穢れた世界を厭離する。,厭離,おんり,X,X
187,a音読み,A,名諺,めいげん,美しい景色を前に名諺を口ずさむ。,名諺,めいげん,X,X
188,a音読み,A,舌尖,ぜっせん,舌尖鋭く相手に詰め寄る。,舌尖,ぜっせん,X,X
189,a音読み,A,焚刑,ふんけい,敵軍の将は焚刑に処せられた。,焚刑,ふんけい,X,X
190,a音読み,A,蟹行,かいこう,時に蟹行鳥跡に倦みたる眼を移す。,蟹行,かいこう,X,X
191,a音読み,A,沃土,よくど,沃土を耕して作物を作る。,沃土,よくど,X,X
192,a音読み,A,老爺,ろうや,老爺が道具の手入れをしている。,老爺,ろうや,X,X
193,a音読み,A,閏月,じゅんげつ,閏月がある年を調べる。,閏月,じゅんげつ,X,X
194,a音読み,A,遡上,そじょう,秋になると鮭が川を遡上する。,遡上,そじょう,X,X
195,a音読み,A,審訊,しんじん,裁判官が証人に審訊する。,審訊,しんじん,X,X
196,a音読み,A,剣戟,けんげき,両軍相まみえて剣戟を振るう。,剣戟,けんげき,X,X
197,a音読み,A,膝行,しっこう,殿の前に膝行して寄る。,膝行,しっこう,X,X
198,a音読み,A,叩首,こうしゅ,皇帝の前にして神妙に叩首する。,叩首,こうしゅ,X,X
199,a音読み,A,花蕊,かずい,花蕊から柔らかな香りがする。,花蕊,かずい,X,X
200,a音読み,A,耽溺,たんでき,酒や賭け事に耽溺する。,耽溺,たんでき,X,X
201,a音読み,A,押捺,おうなつ,契約書に署名とともに押捺する。,押捺,おうなつ,X,X
202,a音読み,B,葱青,そうせい,葱青の草原で春を感じる。,葱青,そうせい,X,X
203,a音読み,B,翰墨,かんぼく,立派な翰墨で書画を書く。,翰墨,かんぼく,X,X
204,a音読み,B,釜竈,ふそう,山小屋の釜竈を使って飯を炊く。,釜竈,ふそう,X,X
205,a音読み,B,箭頭,せんとう,発掘された箭頭を調査する。,箭頭,せんとう,X,X
206,a音読み,B,鹿茸,ろくじょう,強壮剤として鹿茸を処方する。,鹿茸,ろくじょう,X,X
207,a音読み,B,戎馬,じゅうば,戎馬をそろえて戦闘に臨む。,戎馬,じゅうば,X,X
208,a音読み,B,菱花,りょうか,陳列された菱花鏡を選別する。,菱花,りょうか,X,X
209,a音読み,B,馨逸,けいいつ,檜の名木は馨逸だ。,馨逸,けいいつ,X,X
210,a音読み,B,卦兆,かちょう,卦兆で国が動いた時代があった。,卦兆,かちょう,X,X
211,a音読み,B,僻遠,へきえん,僻遠の地に赴任する。,僻遠,へきえん,X,X
212,a音読み,B,蠣殻,れいかく,出土した蠣殻を分析する。,蠣殻,れいかく,X,X
213,a音読み,B,鴻毛,こうもう,この身の鴻毛より軽くなるを欲す。,鴻毛,こうもう,X,X
214,a音読み,B,三昧,ざんまい,贅沢三昧の生活を送る。,三昧,ざんまい,X,X
215,a音読み,B,蕪辞,ぶじ,蕪辞を連ねてお祝いの言葉とする。,蕪辞,ぶじ,X,X
216,a音読み,B,浮腫,ふしゅ,皮膚がむくみ浮腫ができている。,浮腫,ふしゅ,X,X
217,a音読み,B,悉皆,しっかい,一心に悉皆成仏を唱える。,悉皆,しっかい,X,X
218,a音読み,B,凌駕,りょうが,力が技を凌駕した。,凌駕,りょうが,X,X
219,a音読み,B,正閏,せいじゅん,南北朝は正閏の争いの時代だった。,正閏,せいじゅん,X,X
220,a音読み,B,咽下,えんか,異物を咽下しないように気をつける。,咽下,えんか,X,X
221,a音読み,B,外甥,がいせい,彼は私の外甥だ。,外甥,がいせい,X,X
222,a音読み,B,黛青,たいせい,黛青の山を眺め、春を感じる。,黛青,たいせい,X,X
223,a音読み,B,馴致,じゅんち,仔馬を馴致して競走馬に育てる。,馴致,じゅんち,X,X
224,a音読み,B,豊稔,ほうじん,豊稔を祈願する祭りが催される。,豊稔,ほうじん,X,X
225,a音読み,B,允可,いんか,やっとの思いで允可を得た。,允可,いんか,X,X
226,a音読み,B,波濤,はとう,岩に波濤が押し寄せる。,波濤,はとう,X,X
227,a音読み,B,凄絶,せいぜつ,凄絶な試合に目を奪われる。,凄絶,せいぜつ,X,X
228,a音読み,B,溢水,いっすい,河川の溢水を食い止める。,溢水,いっすい,X,X
229,a音読み,B,播植,はしょく,そろそろ稲を播植する時期だ。,播植,はしょく,X,X
230,a音読み,B,鷹揚,おうよう,苦境にある時も鷹揚に構える。,鷹揚,おうよう,X,X
231,a音読み,B,揃刈,せんがい,庭師に生垣を揃刈してもらう。,揃刈,せんがい,X,X
232,a音読み,B,薬匙,やくし,薬匙は金銀ぞうげなどで製造した。,薬匙,やくし,X,X
233,a音読み,B,砧声,ちんせい,家々の砧声に耳を傾ける。,砧声,ちんせい,X,X
234,a音読み,B,串殺,せんさつ,人質を残らず串殺する。,串殺,せんさつ,X,X
235,a音読み,B,嚢中,のうちゅう,私の嚢中には一物もない。,嚢中,のうちゅう,X,X
236,a音読み,B,緑埜,りょくや,小高い丘から緑埜を眺める。,緑埜,りょくや,X,X
237,a音読み,B,清穆,せいぼく,民のため清穆の世が続くことを望む。,清穆,せいぼく,X,X
238,a音読み,B,蕩尽,とうじん,すべての財産を蕩尽した。,蕩尽,とうじん,X,X
239,a音読み,B,嘗試,しょうし,開発のための各社製品を嘗試する。,嘗試,しょうし,X,X
240,a音読み,B,揖拝,ゆうはい,上官に対して揖拝する。,揖拝,ゆうはい,X,X
241,a音読み,B,加餐,かさん,ご退院後もご加餐ください。,加餐,かさん,X,X
242,a音読み,B,呪術,じゅじゅつ,呪術に詳しい人に会った。,呪術,じゅじゅつ,X,X
243,a音読み,B,樗材,ちょざい,彼を樗材と決めつけてはならない。,樗材,ちょざい,X,X
244,a音読み,B,悶絶,もんぜつ,あまりの苦しみに悶絶した。,悶絶,もんぜつ,X,X
245,a音読み,B,芋粥,うしゅく,戦時中の飢えは芋粥でしのいだ。,芋粥,うしゅく,X,X
246,a音読み,B,堆朱,ついしゅ,美しい堆朱の椀に見とれる。,堆朱,ついしゅ,X,X
247,a音読み,B,烏鷺,うろ,烏鷺の争いが繰り広げられる。,烏鷺,うろ,X,X
248,a音読み,B,燦然,さんぜん,燦然と輝く宝石を見つめる。,燦然,さんぜん,X,X
249,a音読み,B,急灘,きゅうだん,急灘を越えるための訓練をする。,急灘,きゅうだん,X,X
250,a音読み,B,吻合,ふんごう,双方の話が吻合する。,吻合,ふんごう,X,X
251,a音読み,B,好好爺,こうこうや,山奥の一軒家で好好爺に出会う。,好好爺,こうこうや,X,X
252,a音読み,B,律呂,りつりょ,楽器の律呂を調える。,律呂,りつりょ,X,X
253,a音読み,B,撞入,とうにゅう,相手チームの陣に撞入する。,撞入,とうにゅう,X,X
254,a音読み,B,鉤餌,こうじ,鉤餌も万全で獲物を待つばかりだ。,鉤餌,こうじ,X,X
255,a音読み,B,托鉢,たくはつ,托鉢の僧が街角に立つ。,托鉢,たくはつ,X,X
256,a音読み,B,斯界,しかい,彼は斯界の権威だ。,斯界,しかい,X,X
257,a音読み,B,臼杵,きゅうしょ,臼杵を使って穀物を砕く。,臼杵,きゅうしょ,X,X
258,a音読み,B,脆弱,ぜいじゃく,体が脆弱で学校を休みがちだ。,脆弱,ぜいじゃく,X,X
259,a音読み,B,深淵,しんえん,心の深淵が知る由もない。,深淵,しんえん,X,X
260,a音読み,B,知悉,ちしつ,裏事情について知悉している。,知悉,ちしつ,X,X
261,a音読み,B,嬰児,えいじ,泣いている嬰児をあやす。,嬰児,えいじ,X,X
262,a音読み,B,巽位,そんい,巽位とは東南の方角をさす。,巽位,そんい,X,X
263,a音読み,B,禿筆,とくひつ,禿筆をなめつつ拙文を書く。,禿筆,とくひつ,X,X
264,a音読み,B,雅馴,がじゅん,書家らしい雅馴な書きぶりだ。,雅馴,がじゅん,X,X
265,a音読み,B,凌雲,りょううん,凌雲の志を抱く。,凌雲,りょううん,X,X
266,a音読み,B,葛衣,かつい,与えられた葛衣を身にまとう。,葛衣,かつい,X,X
267,a音読み,B,松濤,しょうとう,旅先で松濤に耳をすます。,松濤,しょうとう,X,X
268,a音読み,B,歯牙,しが,相手を歯牙にもかけない態度だ。,歯牙,しが,X,X
269,a音読み,B,首魁,しゅかい,騒動の首魁を捕らえる。,首魁,しゅかい,X,X
270,a音読み,B,廟宇,びょうう,神社の廟宇に参拝する。,廟宇,びょうう,X,X
271,a音読み,B,夙志,しゅくし,やっとの思いで夙志を叶える。,夙志,しゅくし,X,X
272,a音読み,B,天蓋,てんがい,天蓋つきのベッドで眠る。,天蓋,てんがい,X,X
273,a音読み,B,乞巧,きっこう,乞巧の祭りが行われる。,乞巧,きっこう,X,X
274,a音読み,B,跨線橋,こせんきょう,跨線橋から電車を眺める。,跨線橋,こせんきょう,X,X
275,a音読み,B,草藁,そうこう,作品の草藁が固まった。,草藁,そうこう,X,X
276,a音読み,B,岡陵,こうりょう,岡陵の遺跡を訪れる。,岡陵,こうりょう,X,X
277,a音読み,B,梁上,りょうじょう,梁上から鼠がのぞいている。,梁上,りょうじょう,X,X
278,a音読み,B,横溢,おういつ,エネルギーが横溢している。,横溢,おういつ,X,X
279,a音読み,B,惣領,そうりょう,惣領息子を一人前に育てる。,惣領,そうりょう,X,X
280,a音読み,B,自彊,じきょう,自彊してやまず。,自彊,じきょう,X,X
281,a音読み,B,堵列,とれつ,高官が堵列して国賓を出迎える。,堵列,とれつ,X,X
282,a音読み,B,宛転,えんてん,事件の?末を宛転と語った。,宛転,えんてん,X,X
283,a音読み,C,一瞥,いちべつ,一瞥して去っていった。,一瞥,いちべつ,X,X
284,a音読み,C,辛酉,しんゆう,辛酉は天命が改まる年と言われる。,辛酉,しんゆう,X,X
285,a音読み,C,歌唄,かばい,歌唄して仏の功徳をたたえる。,歌唄,かばい,X,X
286,a音読み,C,胡乱,うろん,胡乱な者が近所をうろついている。,胡乱,うろん,X,X
287,a音読み,C,侃侃,かんかん,侃侃として反戦の意を訴える。,侃侃,かんかん,X,X
288,a音読み,C,叩頭,こうとう,叩頭して師匠に非礼を詫びる。,叩頭,こうとう,X,X
289,a音読み,C,没義道,もぎどう,没義道に借金を取り立てる。,没義道,もぎどう,X,X
290,a音読み,C,大嘗会,だいじょうえ,大嘗会が厳かに執り行われた。,大嘗会,だいじょうえ,X,X
291,a音読み,C,燦燦,さんさん,日が燦燦と照りつける。,燦燦,さんさん,X,X
292,a音読み,C,藪沢,そうたく,山中の藪沢で川釣りを楽しむ。,藪沢,そうたく,X,X
293,a音読み,C,欽定,きんてい,新しい欽定憲法が制定された。,欽定,きんてい,X,X
294,a音読み,C,掩蔽,えんぺい,組織的な不正が掩蔽されている。,掩蔽,えんぺい,X,X
295,a音読み,C,紅蓮,ぐれん,母屋が紅蓮の炎に包まれる。,紅蓮,ぐれん,X,X
296,a音読み,C,廻向,えこう,墓参して先祖の廻向をする。,廻向,えこう,X,X
297,a音読み,C,繭糸,けんし,上質の繭糸でスカーフを織る。,繭糸,けんし,X,X
298,a音読み,C,汚?,おとく,聖職を汚?する。,汚?,おとく,X,X
299,a音読み,C,厨芥,ちゅうかい,厨芥を回収して堆肥に変える。,厨芥,ちゅうかい,X,X
300,a音読み,C,儲嗣,ちょし,国王が儲嗣に帝王学を授ける。,儲嗣,ちょし,X,X
301,a音読み,C,刈穫,がいかく,よく実った稲穂を刈穫する。,刈穫,がいかく,X,X
302,a音読み,C,翫弄,がんろう,物を翫弄して気を紛らす。,翫弄,がんろう,X,X
303,a音読み,C,乞骸,きつがい,心を定め乞骸の書をしたためる。,乞骸,きつがい,X,X
304,a音読み,C,甜菜,てんさい,甜菜から砂糖を精製する。,甜菜,てんさい,X,X
305,a音読み,C,画餅,がべい,緻密な計画も画餅に帰した。,画餅,がべい,X,X
306,a音読み,C,筆鋒,ひっぽう,その評論は筆鋒鋭い。,筆鋒,ひっぽう,X,X
307,a音読み,C,頸聯,けいれん,頸聯の対句が巧みな漢詩だ。,頸聯,けいれん,X,X
308,a音読み,C,鞠問,きくもん,事件の容疑者を捕えて鞠問する。,鞠問,きくもん,X,X
309,a音読み,C,絢飾,けんしょく,絢飾の衣装で式に出席する。,絢飾,けんしょく,X,X
310,a音読み,C,砦柵,さいさく,砦柵を越えて敵が自陣を襲撃した。,砦柵,さいさく,X,X
311,a音読み,C,神輿,みこし,神輿を清めるための儀式を行う。,神輿,みこし,X,X
312,a音読み,C,夜叉,やしゃ,夜叉はインドの鬼神である。,夜叉,やしゃ,X,X
313,a音読み,C,勾引,こういん,裁判所から勾引状が届く。,勾引,こういん,X,X
314,a音読み,C,兇刃,きょうじん,都会の片隅で兇刃に倒れた。,兇刃,きょうじん,X,X
315,a音読み,C,凄惨,せいさん,凄惨な場面に目をそむける。,凄惨,せいさん,X,X
316,a音読み,C,壬寅,じんいん,当年は干支で壬寅にあたる。,壬寅,じんいん,X,X
317,a音読み,C,残鶯,ざんおう,物悲しい残鶯の声が響く。,残鶯,ざんおう,X,X
318,a音読み,C,砧杵,ちんしょ,風凄まじく砧杵悲し。,砧杵,ちんしょ,X,X
319,a音読み,C,廟堂,びょうどう,御所の廟堂を見学する。,廟堂,びょうどう,X,X
320,a音読み,C,婁宿,ろうしゅく,婁宿には、おひつじ座が含まれる。,婁宿,ろうしゅく,X,X
321,a音読み,C,巡錫,じゅんしゃく,高僧が巡錫して民衆を導いた。,巡錫,じゅんしゃく,X,X
322,a音読み,C,鳶肩,えんけん,鳶肩の男たちが神輿を担いだ。,鳶肩,えんけん,X,X
323,a音読み,C,夙起,しゅっき,夙起して散歩に出かける。,夙起,しゅっき,X,X
324,a音読み,C,厭世,えんせい,厭世の感にとらわれる。,厭世,えんせい,X,X
325,a音読み,C,狐狸,こり,狐狸にだまされる夢を見た。,狐狸,こり,X,X
326,a音読み,C,令婿,れいせい,眉目秀麗な令婿であられる。,令婿,れいせい,X,X
327,a音読み,C,溢決,いっけつ,豪雨の影響で川が溢決する。,溢決,いっけつ,X,X
328,a音読み,C,鴨脚,おうきゃく,境内に鴨脚の大木が鎮座している。,鴨脚,おうきゃく,X,X
329,a音読み,C,疏外感,そがいかん,仲間の中で疏外感を味わう。,疏外感,そがいかん,X,X
330,a音読み,C,倦厭,けんえん,倦厭の表情を見せないようにする。,倦厭,けんえん,X,X
331,a音読み,C,烏兎,うと,烏兎が矢のように過ぎ去っていく。,烏兎,うと,X,X
332,a音読み,C,嘆声,たんせい,隣家の嘆声が耳につく。,嘆声,たんせい,X,X
333,a音読み,C,拭浄,しょくじょう,堂内を丁寧に拭浄する。,拭浄,しょくじょう,X,X
334,a音読み,C,茅茨,ぼうし,茅茨をきらずに放りおく。,茅茨,ぼうし,X,X
335,a音読み,C,佳辰,かしん,佳辰に結納を取りかわす。,佳辰,かしん,X,X
336,a音読み,C,魁傑,かいけつ,門下に魁傑がそろう。,魁傑,かいけつ,X,X
337,a音読み,C,瞥見,べっけん,資料を瞥見して講演する。,瞥見,べっけん,X,X
338,a音読み,C,舛錯,せんさく,前線の兵が突如として舛錯する。,舛錯,せんさく,X,X
339,a音読み,C,叶和,きょうわ,怨念を捨てて仇敵と叶和する。,叶和,きょうわ,X,X
340,a音読み,C,迺公,だいこう,迺公に歯向かう者は誰一人いない。,迺公,だいこう,X,X
341,a音読み,C,衿契,きんけい,衿契と一晩酒を酌み交わす。,衿契,きんけい,X,X
342,a音読み,C,骸骨,がいこつ,古代人の骸骨が発見された。,骸骨,がいこつ,X,X
343,a音読み,C,抜錨,ばつびょう,夕方には抜錨する予定だ。,抜錨,ばつびょう,X,X
344,a音読み,C,酋領,しゅうりょう,酋領への贈り物を用意する。,酋領,しゅうりょう,X,X
345,a音読み,C,半帖,はんじょう,半帖の紙に書をしたためる。,半帖,はんじょう,X,X
346,a音読み,C,晦冥,かいめい,晦冥の中を進む。,晦冥,かいめい,X,X
347,a音読み,C,遺憾,いかん,政府は遺憾の意を表明した。,遺憾,いかん,X,X
348,a音読み,C,智慧,ちえ,仏の智慧を学ぶ。,智慧,ちえ,X,X
349,a音読み,C,怒濤,どとう,出来事が怒濤のように押し寄せる。,怒濤,どとう,X,X
350,a音読み,C,遡及,そきゅう,判決を下すための判例を遡及する。,遡及,そきゅう,X,X
351,a音読み,C,形骸,けいがい,形骸となっているルールを見直す。,形骸,けいがい,X,X
352,a音読み,C,不遜,ふそん,不遜な態度に腹を立てる。,不遜,ふそん,X,X
353,a音読み,C,鄭声,ていせい,異国な鄭声を忌避する。,鄭声,ていせい,X,X
354,a音読み,C,拳固,げんこ,拳固を突き上げ勝利に酔う。,拳固,げんこ,X,X
355,a音読み,C,阿片窟,あへんくつ,昔あそこに阿片窟があった。,阿片窟,あへんくつ,X,X
356,a音読み,C,爾後,じご,爾後を何事もなく過ごす。,爾後,じご,X,X
357,a音読み,C,巽与,そんよ,巽与の言、能く説ぶこと無からんか。,巽与,そんよ,X,X
358,a音読み,C,靱性,じんせい,革の靱性を確かめる。,靱性,じんせい,X,X
359,a音読み,C,弄舌,ろうぜつ,彼の弄舌ぶりには閉口する。,弄舌,ろうぜつ,X,X
360,a音読み,C,厭悪,えんお,厭悪の情をあからさまに見せる。,厭悪,えんお,X,X
361,a音読み,C,参詣,さんけい,正月に神社に参詣した。,参詣,さんけい,X,X
362,a音読み,C,尖塔,せんとう,城の尖塔に幽閉されている。,尖塔,せんとう,X,X
363,a音読み,C,煎餅,せんべい,煎餅を焼く香ばしい匂いが漂う。,煎餅,せんべい,X,X
364,a音読み,C,玩読,がんどく,好きな作家の作品を玩読する。,玩読,がんどく,X,X
365,a音読み,C,宥恕,ゆうじょ,社長の宥恕に感謝する。,宥恕,ゆうじょ,X,X
366,a音読み,C,恩誼,おんぎ,先生の恩誼に報いる。,恩誼,おんぎ,X,X
367,a音読み,C,掬飲,きくいん,清らかな湧き水を掬飲する。,掬飲,きくいん,X,X
368,a音読み,C,魁首,かいしゅ,盗賊団の魁首となる。,魁首,かいしゅ,X,X
369,a音読み,C,蓋棺,がいかん,いよいよ蓋棺のときを迎える。,蓋棺,がいかん,X,X
370,a音読み,C,白狐,びゃっこ,北極の白狐を見る。,白狐,びゃっこ,X,X
371,a音読み,C,堆肥,たいひ,畑に堆肥を撒く。,堆肥,たいひ,X,X
372,a音読み,C,枯凋,こちょう,草木の枯凋を悲しむ。,枯凋,こちょう,X,X
373,a音読み,C,?述,るじゅつ,理由は?述の通りである。,?述,るじゅつ,X,X
374,a音読み,C,乃父,だいふ,乃父としてお前に伝えておきたい。,乃父,だいふ,X,X
375,a音読み,C,鶏肋,けいろく,鶏肋の処分に悩む。,鶏肋,けいろく,X,X
376,a音読み,C,芳馨,ほうけい,得も言われぬ芳馨に満ちている。,芳馨,ほうけい,X,X
377,a音読み,C,薙髪,ちはつ,薙髪して仏門に入った。,薙髪,ちはつ,X,X
378,a音読み,C,老杉,ろうさん,境内に立派な老杉が立ち並ぶ。,老杉,ろうさん,X,X
379,a音読み,C,哀咽,あいえつ,遺体にすがって哀咽する。,哀咽,あいえつ,X,X
380,a音読み,C,工廠,こうしょう,戦時中、空襲を受けた工廠だ。,工廠,こうしょう,X,X
381,a音読み,C,或問,わくもん,或問形式で書かれた入門書だ。,或問,わくもん,X,X
382,a音読み,C,大火,たいか,庚寅の年に大火があった。,大火,たいか,X,X
383,a音読み,C,俊彦,しゅんげん,当世の俊彦なりと評価する。,俊彦,しゅんげん,X,X
384,a音読み,C,聯亙,れんこう,村の周囲に山々が聯亙する。,聯亙,れんこう,X,X
385,a音読み,C,劉覧,りゅうらん,役員名簿を劉覧する。,劉覧,りゅうらん,X,X
386,a音読み,C,夙昔,しゅくせき,夙昔の願いがようやく叶った。,夙昔,しゅくせき,X,X
387,a音読み,C,叡断,えいだん,社長の叡断を仰ぐ。,叡断,えいだん,X,X
388,a音読み,C,鄭重,ていちょう,花瓶を鄭重に扱う。,鄭重,ていちょう,X,X
389,a音読み,C,碩徳,せきとく,碩徳として礼拝されている。,碩徳,せきとく,X,X
390,a音読み,C,戊夜,ぼや,趣味に没頭し戊夜に至った。,戊夜,ぼや,X,X
391,a音読み,C,遁辞,とんじ,遁辞を弄しても無駄だ。,遁辞,とんじ,X,X
392,a音読み,C,山砦,さんさい,山砦に立て籠って戦った。,山砦,さんさい,X,X
393,a音読み,C,庖厨,ほうちゅう,君子は庖厨を遠ざく。,庖厨,ほうちゅう,X,X
394,a音読み,C,叩扉,こうひ,数回叩扉したが返事がなかった。,叩扉,こうひ,X,X
395,a音読み,C,献芹,けんきん,献芹の誠を尽くす。,献芹,けんきん,X,X
396,a音読み,C,懸吊,けんちょう,軒下に提灯を懸吊する。,懸吊,けんちょう,X,X
397,a音読み,C,牝馬,ひんば,二頭の牝馬が誕生した。,牝馬,ひんば,X,X
398,a音読み,C,茸茸,じょうじょう,夏草が茸茸としている。,茸茸,じょうじょう,X,X
399,a音読み,C,碓声,たいせい,石臼の碓声が響き渡る。,碓声,たいせい,X,X
400,a音読み,C,老鶯,ろうおう,老鶯は夏の季語である。,老鶯,ろうおう,X,X
401,a音読み,C,参籠,さんろう,寺に三日間参籠する。,参籠,さんろう,X,X
402,a音読み,C,刺戟,しげき,調味料が舌を刺戟する。,刺戟,しげき,X,X
403,a音読み,D,釜竃,ふそう,釜竃を使って炊いた飯は格別だ。,釜竃,ふそう,X,X
404,a音読み,D,拝揖,はいゆう,妃に対して拝揖する。,拝揖,はいゆう,X,X
405,a音読み,D,歪曲,わいきょく,事実の歪曲して報道する。,歪曲,わいきょく,X,X
406,a音読み,D,掌握,しょうあく,課長はすべての部下を掌握している。,掌握,しょうあく,X,X
407,a音読み,D,喧伝,けんでん,種々の言説が喧伝されている。,喧伝,けんでん,X,X
408,a音読み,D,鼎談,ていだん,学者が誌上で鼎談する。,鼎談,ていだん,X,X
409,a音読み,D,玩弄,がんろう,人々が時代に玩弄される。,玩弄,がんろう,X,X
410,a音読み,D,繭紬,けんちゅう,繭紬の紋付を着る。,繭紬,けんちゅう,X,X
411,a音読み,D,病竃,びょうそう,病竃を摘出する。,病竃,びょうそう,X,X
412,a音読み,D,厭忌,えんき,戦争を厭忌する。,厭忌,えんき,X,X
413,a音読み,D,輿望,よぼう,国民の輿望を担う。,輿望,よぼう,X,X
414,a音読み,D,諫止,かんし,独断を諫止する。,諫止,かんし,X,X
415,a音読み,D,坤軸,こんじく,坤軸を揺るがす地震。,坤軸,こんじく,X,X
416,a音読み,D,垂簾,すいれん,垂簾の政を行う。,垂簾,すいれん,X,X
417,a音読み,D,綾子,りんず,綾子の被布を羽織る。,綾子,りんず,X,X
418,a音読み,D,肇国,ちょうこく,肇国の祖を祭る。,肇国,ちょうこく,X,X
419,a音読み,D,相好,そうごう,相好を崩す。,相好,そうごう,X,X
420,a音読み,D,輯睦,しゅうぼく,隣国同士が輯睦する。,輯睦,しゅうぼく,X,X
421,a音読み,D,舛誤,せんご,舛誤が見当たらない。,舛誤,せんご,X,X
422,a音読み,D,落胤,らくいん,御落胤が出家する。,落胤,らくいん,X,X
423,a音読み,D,空隙,くうげき,空隙を埋める。,空隙,くうげき,X,X
424,a音読み,D,湛湛,たんたん,湛湛と水をたたえる。,湛湛,たんたん,X,X
425,a音読み,D,紬紡糸,ちゅうぼうし,紬紡糸で織り上げる。,紬紡糸,ちゅうぼうし,X,X
426,a音読み,D,橘中,きっちゅう,橘中の楽しみ。,橘中,きっちゅう,X,X
427,a音読み,D,云々,うんぬん,云々すべきではない。,云々,うんぬん,X,X
428,a音読み,D,亮然,りょうぜん,亮然たる差が開く。,亮然,りょうぜん,X,X
429,a音読み,D,君寵,くんちょう,君寵に浴する。,君寵,くんちょう,X,X
430,a音読み,D,負笈,ふきゅう,負笈して立身する。,負笈,ふきゅう,X,X
431,a音読み,D,檜垣,ひがき,檜垣で敷地を囲う。,檜垣,ひがき,X,X
432,a音読み,D,妾宅,しょうたく,妾宅を構える。,妾宅,しょうたく,X,X
433,a音読み,D,輪輿,りんよ,輪輿の職人を雇う。,輪輿,りんよ,X,X
434,a音読み,D,柴荊,さいけい,柴荊で隠遁する。,柴荊,さいけい,X,X
435,a音読み,D,萌動,ほうどう,草木が萌動する。,萌動,ほうどう,X,X
436,a音読み,D,?吐,どんと,空気を?吐する。,?吐,どんと,X,X
437,a音読み,D,藍綬,らんじゅ,藍綬褒章を授与する。,藍綬,らんじゅ,X,X
438,a音読み,D,鎮咳,ちんがい,鎮咳薬を処方する。,鎮咳,ちんがい,X,X
439,a音読み,D,残?,ざんせん,残?の声が響く。,残?,ざんせん,X,X
440,a音読み,D,蓬?,ほうらい,蓬?に憧憬する。,蓬?,ほうらい,X,X
441,a音読み,D,?墨,はつぼく,?墨の技法を用いる。,?墨,はつぼく,X,X
442,a音読み,D,宏壮,こうそう,宏壮な屋敷に住む。,宏壮,こうそう,X,X
443,a音読み,D,籠絡,ろうらく,敵将を籠絡する。,籠絡,ろうらく,X,X
444,a音読み,D,芙蓉,ふよう,芙蓉の顔、柳の眉。,芙蓉,ふよう,X,X
445,a音読み,D,瓦石,がせき,瓦石同然の偽物だ。,瓦石,がせき,X,X
446,a音読み,D,壊死,えし,足先が壊死する。,壊死,えし,X,X
447,a音読み,D,註文,ちゅうもん,料理を註文する。,註文,ちゅうもん,X,X
448,a音読み,D,杢怪,もっけ,杢怪の幸い。,杢怪,もっけ,X,X
449,a音読み,D,剃度,ていど,剃度の儀式を行う。,剃度,ていど,X,X
450,a音読み,D,醇乎,じゅんこ,醇乎たる精神を保つ。,醇乎,じゅんこ,X,X
451,a音読み,D,勃如,ぼつじょ,顔色を勃如と変える。,勃如,ぼつじょ,X,X
452,a音読み,D,佑宰,ゆうさい,佑宰に相談する。,佑宰,ゆうさい,X,X
453,a音読み,D,?吟,せんぎん,?吟が騒々しい。,?吟,せんぎん,X,X
454,a音読み,D,埴生,はにゅう,埴生の宿に泊まる。,埴生,はにゅう,X,X
455,a音読み,D,恩賜,おんし,恩賜公園が開園する。,恩賜,おんし,X,X
456,a音読み,D,木犀,もくせい,木犀の花が匂う。,木犀,もくせい,X,X
457,a音読み,D,丙寅,へいいん,今年の干支は丙寅だ。,丙寅,へいいん,X,X
458,a音読み,D,巌栖,がんせい,世を捨て巌栖する。,巌栖,がんせい,X,X
459,a音読み,D,饗応,きょうおう,旅先で饗応を受ける。,饗応,きょうおう,X,X
460,a音読み,D,辛巳,しんし,来年は辛巳にあたる。,辛巳,しんし,X,X
461,a音読み,D,腫物,しゅもつ,腫物に触る様に扱う。,腫物,しゅもつ,X,X
462,a音読み,D,斧正,ふせい,斧正を請う。,斧正,ふせい,X,X
463,a音読み,D,砕屑,さいせつ,砕屑が散乱している。,砕屑,さいせつ,X,X
464,a音読み,D,塵垢,じんこう,塵垢にまみれる。,塵垢,じんこう,X,X
465,a音読み,D,妖艶,ようえん,妖艶な姿を披露する。,妖艶,ようえん,X,X
466,a音読み,D,貫穿,かんせん,広く学問を貫穿する。,貫穿,かんせん,X,X
467,a音読み,D,劃然,かくぜん,双方は劃然と異なる。,劃然,かくぜん,X,X
468,a音読み,D,蛙声,あせい,蛙声が騒がしい。,蛙声,あせい,X,X
469,a音読み,D,賜餐,しさん,賜餐の栄に浴する。,賜餐,しさん,X,X
470,a音読み,D,雛妓,すうぎ,雛妓に芸を仕込む。,雛妓,すうぎ,X,X
471,a音読み,D,蒐荷,しゅうか,特産品を蒐荷する。,蒐荷,しゅうか,X,X
472,a音読み,D,己丑,きちゅう,己丑の年に逝去する。,己丑,きちゅう,X,X
473,a音読み,D,簾政,れんせい,簾政を布く。,簾政,れんせい,X,X
474,a音読み,D,斯道,しどう,斯道の大家となる。,斯道,しどう,X,X
475,a音読み,D,城柵,じょうさく,城柵を巡らす。,城柵,じょうさく,X,X
476,a音読み,D,馴服,じゅんぷく,鷹を馴服させる。,馴服,じゅんぷく,X,X
477,a音読み,D,分娩,ぶんべん,男児を分娩する。,分娩,ぶんべん,X,X
478,a音読み,D,寒垢離,かんごり,寒垢離を取る。,寒垢離,かんごり,X,X
479,a音読み,D,碧梧,へきご,碧梧が生い茂る。,碧梧,へきご,X,X
480,a音読み,D,矩形,くけい,矩形に成型加工する。,矩形,くけい,X,X
481,a音読み,D,丁卯,ていぼう,次の丁卯で還暦だ。,丁卯,ていぼう,X,X
482,a音読み,D,自然薯,じねんじょ,自然薯を掘り起こす。,自然薯,じねんじょ,X,X
483,a音読み,D,宏図,こうと,宏図を実行に移す。,宏図,こうと,X,X
484,a音読み,D,諒闇,りょうあん,諒闇で祝儀を控える。,諒闇,りょうあん,X,X
485,a音読み,D,魁梧,かいご,魁梧たる力士を破る。,魁梧,かいご,X,X
486,a音読み,D,註疏,ちゅうそ,註疏を加える。,註疏,ちゅうそ,X,X
487,a音読み,D,胡座,こざ,胡座して思索に耽る。,胡座,こざ,X,X
488,a音読み,D,亮闇,りょうあん,亮闇が開ける。,亮闇,りょうあん,X,X
489,a音読み,D,周匝,しゅうそう,湖畔を周匝する。,周匝,しゅうそう,X,X
490,a音読み,D,貴賤,きせん,貴賤を問わない。,貴賤,きせん,X,X
491,a音読み,D,瓶酒,へいしゅ,瓶酒を岳父に贈る。,瓶酒,へいしゅ,X,X
492,a音読み,D,劫火,ごうか,劫火に包まれる。,劫火,ごうか,X,X
493,a音読み,D,激昂,げきこう,激昂して退席する。,激昂,げきこう,X,X
494,a音読み,D,背馳,はいち,原則に背馳する。,背馳,はいち,X,X
495,a音読み,D,卯酉,ぼうゆう,地図に卯酉線を描く。,卯酉,ぼうゆう,X,X
496,a音読み,D,迅瀬,じんらい,迅瀬を小舟で下る。,迅瀬,じんらい,X,X
497,a音読み,D,灘声,だんせい,渓間に灘声が響く。,灘声,だんせい,X,X
498,a音読み,D,姦詐,かんさ,姦詐を見抜く。,姦詐,かんさ,X,X
499,a音読み,D,藪林,そうりん,藪林が生い茂る。,藪林,そうりん,X,X
500,a音読み,D,戎器,じゅうき,十分な戎器を備える。,戎器,じゅうき,X,X
501,a音読み,D,紫檀,したん,紫檀の家具を設える。,紫檀,したん,X,X
502,a音読み,D,腕釧,わんせん,仏像に腕釧を飾る。,腕釧,わんせん,X,X
503,a音読み,D,貨賂,かろ,貨賂を受け取る。,貨賂,かろ,X,X
504,a音読み,D,凋零,ちょうれい,文化が凋零する。,凋零,ちょうれい,X,X
505,a音読み,D,賑救,しんきゅう,篤志家が賑救する。,賑救,しんきゅう,X,X
506,a音読み,D,唾壺,だこ,唾壺に唾を吐く。,唾壺,だこ,X,X
507,a音読み,D,盤陀,はんだ,導線を盤陀付けする。,盤陀,はんだ,X,X
508,a音読み,D,趨向,すうこう,政局の趨向に従う。,趨向,すうこう,X,X
509,a音読み,D,哀憐,あいれん,哀憐の情が湧く。,哀憐,あいれん,X,X
510,a音読み,D,筆絢,ひっけん,筆絢に親しむ。,筆絢,ひっけん,X,X
511,a音読み,D,亨通,こうつう,万事亨通する。,亨通,こうつう,X,X
512,a音読み,D,鬱乎,うっこ,鬱乎たる森林が続く。,鬱乎,うっこ,X,X
513,a音読み,D,晴嵐,せいらん,晴嵐が吹き荒れる。,晴嵐,せいらん,X,X
514,a音読み,D,旦夕,たんせき,敗戦が旦夕に迫る。,旦夕,たんせき,X,X
515,a音読み,D,柴門,さいもん,柴門を閉める。,柴門,さいもん,X,X
516,a音読み,D,王胤,おういん,王胤が元服する。,王胤,おういん,X,X
517,a音読み,D,瓶子,へいじ,瓶子で酒を杯に注ぐ。,瓶子,へいじ,X,X
518,a音読み,D,分水嶺,ぶんすいれい,分水嶺に立つ。,分水嶺,ぶんすいれい,X,X
519,a音読み,D,敦厚,とんこう,敦厚な人柄を慕う。,敦厚,とんこう,X,X
520,a音読み,D,錯謬,さくびゅう,文献の錯謬に気付く。,錯謬,さくびゅう,X,X
521,a音読み,D,?足,てんそく,公表内容を?足する。,?足,てんそく,X,X
522,a音読み,D,叢書,そうしょ,叢書を熟読玩味する。,叢書,そうしょ,X,X
523,a音読み,D,丞相,じょうしょう,丞相に任命される。,丞相,じょうしょう,X,X
524,a音読み,D,寧馨児,ねいけいじ,寧馨児ともてはやす。,寧馨児,ねいけいじ,X,X
525,a音読み,D,神鹿,しんろく,境内で神鹿を飼う。,神鹿,しんろく,X,X
526,a音読み,D,鶴首,かくしゅ,到着を鶴首して待つ。,鶴首,かくしゅ,X,X
527,a音読み,D,光耀,こうよう,光耀を発する。,光耀,こうよう,X,X
528,a音読み,D,辺佑,へんゆう,辺佑で静かに暮らす。,辺佑,へんゆう,X,X
529,a音読み,D,弛廃,しはい,綱紀が弛廃する。,弛廃,しはい,X,X
530,a音読み,D,林藪,りんそう,林藪に分け入る。,林藪,りんそう,X,X
531,a音読み,D,鉄杵,てっしょ,鉄杵を磨く。,鉄杵,てっしょ,X,X
532,a音読み,D,轟音,ごうおん,重機が轟音を立てる。,轟音,ごうおん,X,X
533,a音読み,D,蕃境,ばんきょう,蕃境に踏み入れる。,蕃境,ばんきょう,X,X
534,a音読み,D,嵐気,らんき,山は嵐気に包まれた。,嵐気,らんき,X,X
535,a音読み,D,聯珠,れんじゅ,聯珠に興じる。,聯珠,れんじゅ,X,X
536,a音読み,D,補葺,ほしゅう,屋根を補葺する。,補葺,ほしゅう,X,X
537,a音読み,D,潟湖,せきこ,潟湖を干拓する。,潟湖,せきこ,X,X
538,a音読み,D,禾本,かほん,禾本科に属する。,禾本,かほん,X,X
539,a音読み,D,狼戻,ろうれい,狼戻の心を抱く。,狼戻,ろうれい,X,X
540,a音読み,D,端坐,たんざ,端坐して黙想する。,端坐,たんざ,X,X
541,a音読み,D,翠雨,すいう,翠雨が降り注ぐ。,翠雨,すいう,X,X
542,a音読み,D,憐情,れんじょう,孤児に憐情を覚える。,憐情,れんじょう,X,X
543,a音読み,D,射幸心,しゃこうしん,射幸心を煽る。,射幸心,しゃこうしん,X,X
544,a音読み,D,劫末,ごうまつ,劫末が近づく。,劫末,ごうまつ,X,X
545,a音読み,D,浩歎,こうたん,妻の早世に浩歎する。,浩歎,こうたん,X,X
546,a音読み,D,幡然,はんぜん,前言を幡然と改める。,幡然,はんぜん,X,X
547,a音読み,D,巌頭,がんとう,巌頭に立って眺める。,巌頭,がんとう,X,X
548,a音読み,D,水団,すいとん,水団をすする。,水団,すいとん,X,X
549,a音読み,D,臣妾,しんしょう,敵の臣妾となる。,臣妾,しんしょう,X,X
550,a音読み,D,晃晃,こうこう,街灯が晃晃と輝く。,晃晃,こうこう,X,X
551,a音読み,D,?盟,おうめい,旧友と?盟を結ぶ。,?盟,おうめい,X,X
552,a音読み,D,諸彦,しょげん,諸彦に告ぐ。,諸彦,しょげん,X,X
553,a音読み,D,簸却,はきゃく,旧套を簸却する。,簸却,はきゃく,X,X
554,a音読み,D,逐鹿,ちくろく,豪族同士が逐鹿する。,逐鹿,ちくろく,X,X
555,a音読み,D,鷹準,ようじゅん,鷹準が大空に舞う。,鷹準,ようじゅん,X,X
556,a音読み,D,梓行,しこう,詩集を梓行する。,梓行,しこう,X,X
557,a音読み,D,款語,かんご,学友と款語する。,款語,かんご,X,X
558,a音読み,D,老妓,ろうぎ,老妓の円熟した芸だ。,老妓,ろうぎ,X,X
559,a音読み,D,嘉猷,かゆう,嘉猷を進言する。,嘉猷,かゆう,X,X
560,a音読み,D,瀦滞,ちょたい,一時的に瀦滞する。,瀦滞,ちょたい,X,X
561,a音読み,D,掃滅,そうめつ,鼠盗を掃滅する。,掃滅,そうめつ,X,X
562,a音読み,D,寂滅,じゃくめつ,老僧が寂滅する。,寂滅,じゃくめつ,X,X
563,a音読み,D,柏槙,びゃくしん,柏槙が林立する。,柏槙,びゃくしん,X,X
564,a音読み,D,気?,きえん,気?を吐く。,気?,きえん,X,X
565,a音読み,D,孝悌,こうてい,孝悌は仁を為すの本。,孝悌,こうてい,X,X
566,a音読み,D,怯夫,きょうふ,怯夫のらく印を押す。,怯夫,きょうふ,X,X
567,a音読み,D,芝眉,しび,藩主の芝眉を拝する。,芝眉,しび,X,X
568,a音読み,D,腫脹,しゅちょう,リンパ節が腫脹する。,腫脹,しゅちょう,X,X
569,a音読み,D,皇儲,こうちょ,皇儲が外遊する。,皇儲,こうちょ,X,X
570,a音読み,D,?涙,ろうるい,?涙が流れ落ちる。,?涙,ろうるい,X,X
571,a音読み,D,談藪,だんそう,談藪を熟読玩味する。,談藪,だんそう,X,X
572,a音読み,D,穎悟,えいご,穎悟と評される。,穎悟,えいご,X,X
573,a音読み,D,泥裏,でいり,泥裏に土塊を洗う。,泥裏,でいり,X,X
574,a音読み,D,鹿柴,ろくさい,鹿柴をめぐらす。,鹿柴,ろくさい,X,X
575,a音読み,D,熟柿,じゅくし,熟柿を天日に干す。,熟柿,じゅくし,X,X
576,a音読み,D,叡智,えいち,叡智を結集する。,叡智,えいち,X,X
577,a音読み,D,宛然,えんぜん,宛然偉人の如しだ。,宛然,えんぜん,X,X
578,a音読み,D,按排,あんばい,配膳の順を按排する。,按排,あんばい,X,X
579,a音読み,D,胤嗣,いんし,胤嗣が誕生する。,胤嗣,いんし,X,X
580,a音読み,D,辛丑,しんちゅう,来年は辛丑に当たる。,辛丑,しんちゅう,X,X
581,a音読み,D,戟,げき,兵が戟を構える。,戟,げき,X,X
582,a音読み,D,骨董,こっとう,骨董市で壺を購う。,骨董,こっとう,X,X
583,a音読み,D,倭語,わご,返書に倭語を用いる。,倭語,わご,X,X
584,a音読み,D,蕃殖,はんしょく,猫が蕃殖する。,蕃殖,はんしょく,X,X
585,a音読み,D,爽然,そうぜん,静養して爽然となる。,爽然,そうぜん,X,X
586,a音読み,D,樵蘇,しょうそ,樵蘇を生業とする。,樵蘇,しょうそ,X,X
587,a音読み,D,花圃,かほ,早春の花圃を愛でる。,花圃,かほ,X,X
588,a音読み,D,戴冠,たいかん,戴冠式が挙行された。,戴冠,たいかん,X,X
589,a音読み,D,翰藻,かんそう,翰藻に通じる。,翰藻,かんそう,X,X
590,a音読み,D,戊申,ぼしん,戊申の年に生まれる。,戊申,ぼしん,X,X
591,a音読み,D,聡慧,そうけい,際立って聡慧な子だ。,聡慧,そうけい,X,X
592,a音読み,D,不壊,ふえ,不壊の信仰をもつ。,不壊,ふえ,X,X
593,a音読み,D,凄艶,せいえん,凄艶な姿に驚嘆する。,凄艶,せいえん,X,X
594,a音読み,D,大姦,たいかん,大姦は忠に似たり。,大姦,たいかん,X,X
595,a音読み,D,月卿,げっけい,月卿が参内する。,月卿,げっけい,X,X
596,a音読み,D,縦容,しょうよう,縦容と応対する。,縦容,しょうよう,X,X
597,a音読み,D,青黛,せいたい,青黛の空を見上げる。,青黛,せいたい,X,X
598,a音読み,D,尖鋭,せんえい,尖鋭な思想に立つ。,尖鋭,せんえい,X,X
599,a音読み,D,粉黛,ふんたい,外出前に粉黛を施す。,粉黛,ふんたい,X,X
600,a音読み,D,紙燭,しそく,紙燭に火を点ける。,紙燭,しそく,X,X
601,a音読み,D,吃緊,きっきん,吃緊の課題を扱う。,吃緊,きっきん,X,X
602,a音読み,D,堰塞,えんそく,河水を堰塞する。,堰塞,えんそく,X,X
603,a音読み,D,双頬,そうきょう,双頬に涼風を感じる。,双頬,そうきょう,X,X
604,a音読み,D,貝母,ばいも,貝母を薬に用いる。,貝母,ばいも,X,X
605,a音読み,D,衿帯,きんたい,衿帯に陣を張る。,衿帯,きんたい,X,X
606,a音読み,D,碩儒,せきじゅ,碩儒に助言を求める。,碩儒,せきじゅ,X,X
607,a音読み,D,摯実,しじつ,摯実な態度で接する。,摯実,しじつ,X,X
608,a音読み,D,徒爾,とじ,徒爾に終わる。,徒爾,とじ,X,X
609,a音読み,D,緩頬,かんきょう,緩頬を煩わす。,緩頬,かんきょう,X,X
610,a音読み,D,潰走,かいそう,我先と潰走する。,潰走,かいそう,X,X
611,a音読み,D,膏雨,こうう,膏雨を待つ。,膏雨,こうう,X,X
612,a音読み,D,穎哲,えいてつ,疑いのない穎哲だ。,穎哲,えいてつ,X,X
613,a音読み,D,謬説,びゅうせつ,謬説に惑わされる。,謬説,びゅうせつ,X,X
614,a音読み,D,鬱勃,うつぼつ,鬱勃たる闘志が湧く。,鬱勃,うつぼつ,X,X
615,a音読み,D,簸弄,はろう,乱世に簸弄される。,簸弄,はろう,X,X
616,a音読み,D,奪掠,だつりゃく,私財を奪掠される。,奪掠,だつりゃく,X,X
617,a音読み,D,幽栖,ゆうせい,職を退き幽栖する。,幽栖,ゆうせい,X,X
618,a音読み,D,神祇,じんぎ,神祇を祭る。,神祇,じんぎ,X,X
619,a音読み,D,草庵,そうあん,奥地に草庵を結ぶ。,草庵,そうあん,X,X
620,a音読み,D,姻戚,いんせき,姻戚関係を結ぶ。,姻戚,いんせき,X,X
621,a音読み,D,吃驚,きっきょう,不意の事で吃驚する。,吃驚,きっきょう,X,X
622,a音読み,D,己酉,きゆう,来年は己酉に当たる。,己酉,きゆう,X,X
623,a音読み,D,枕辺,ちんぺん,枕辺で看病する。,枕辺,ちんぺん,X,X
624,a音読み,D,毀誉,きよ,世の毀誉を意識する。,毀誉,きよ,X,X
625,a音読み,D,造兵廠,ぞうへいしょう,造兵廠で弾薬を作る。,造兵廠,ぞうへいしょう,X,X
626,a音読み,D,徽号,きごう,陛下より徽号を賜る。,徽号,きごう,X,X
627,a音読み,D,聯結,れんけつ,客車を聯結する。,聯結,れんけつ,X,X
628,a音読み,D,杢体,もったい,杢体を付ける。,杢体,もったい,X,X
629,a音読み,D,己未,きび,己未の年に卒業する。,己未,きび,X,X
630,a音読み,D,圃畦,ほけい,圃畦が乾燥する。,圃畦,ほけい,X,X
631,a音読み,D,暗碧,あんぺき,暗碧の夜空を眺める。,暗碧,あんぺき,X,X
632,a音読み,D,穎異,えいい,幼少より穎異な子だ。,穎異,えいい,X,X
633,a音読み,D,虞犯,ぐはん,虞犯少年を更生する。,虞犯,ぐはん,X,X
634,a音読み,D,棲遅,せいち,辺境の地で棲遅する。,棲遅,せいち,X,X
635,a音読み,D,栗栗,りつりつ,寒冬に栗栗とする。,栗栗,りつりつ,X,X
636,a音読み,D,鳴禽,めいきん,鳴禽の声が響く。,鳴禽,めいきん,X,X
637,a音読み,D,敏慧,びんけい,敏慧な頭脳をもつ。,敏慧,びんけい,X,X
638,a音読み,D,掩護,えんご,前戦の兵を掩護する。,掩護,えんご,X,X
639,a音読み,D,弥漫,びまん,鬱気が弥漫する。,弥漫,びまん,X,X
640,a音読み,D,請来,しょうらい,経典を請来する。,請来,しょうらい,X,X
641,a音読み,D,叩門,こうもん,叩門して中に入る。,叩門,こうもん,X,X
642,a音読み,D,嬉戯,きぎ,幼子が嬉戯する。,嬉戯,きぎ,X,X
643,a音読み,D,?次,るじ,?次の災難に遭う。,?次,るじ,X,X
644,a音読み,D,西戎,せいじゅう,西戎が侵入する。,西戎,せいじゅう,X,X
645,a音読み,D,階梯,かいてい,階梯をかけ上がる。,階梯,かいてい,X,X
646,a音読み,D,臼歯,きゅうし,臼歯で?み砕く。,臼歯,きゅうし,X,X
647,a音読み,D,冊封,さくほう,王から冊封を受ける。,冊封,さくほう,X,X
648,a音読み,D,辰砂,しんしゃ,辰砂で顔料を作る。,辰砂,しんしゃ,X,X
649,a音読み,D,叡慮,えいりょ,叡慮を奉ずる。,叡慮,えいりょ,X,X
650,a音読み,D,有卦,うけ,有卦に入る。,有卦,うけ,X,X
651,a音読み,D,金無垢,きんむく,金無垢の時計を買う。,金無垢,きんむく,X,X
652,a音読み,D,閏統,じゅんとう,閏統が王位を襲ぐ。,閏統,じゅんとう,X,X
653,a音読み,D,天竺,てんじく,天竺から伝来する。,天竺,てんじく,X,X
654,a音読み,D,寸隙,すんげき,寸隙を割いて鍛える。,寸隙,すんげき,X,X
655,a音読み,D,淵藪,えんそう,淵藪として栄える。,淵藪,えんそう,X,X
656,a音読み,D,甘藷,かんしょ,甘藷で地酒を造る。,甘藷,かんしょ,X,X
657,a音読み,D,稗官,はいかん,稗官に甘んじる。,稗官,はいかん,X,X
658,a音読み,D,稀有,けう,稀有な事故が起こる。,稀有,けう,X,X
659,a音読み,D,垢衣,こうい,垢衣を脱ぐ。,垢衣,こうい,X,X
660,a音読み,D,筆翰,ひっかん,筆翰流るるが如し。,筆翰,ひっかん,X,X
661,a音読み,D,帥先,そっせん,帥先して実践する。,帥先,そっせん,X,X
662,a音読み,D,小隙,しょうげき,小隙を埋める。,小隙,しょうげき,X,X
663,a音読み,D,寵辱,ちょうじょく,寵辱を繰り返す。,寵辱,ちょうじょく,X,X
664,a音読み,D,隠栖,いんせい,都を離れ隠栖する。,隠栖,いんせい,X,X
665,a音読み,D,禽鳥,きんちょう,好んで禽鳥を描く。,禽鳥,きんちょう,X,X
666,a音読み,D,頃来,けいらい,頃来多忙を極める。,頃来,けいらい,X,X
667,a音読み,D,甜瓜,てんか,甜瓜が成熟する。,甜瓜,てんか,X,X
668,a音読み,D,奄有,えんゆう,隣地を奄有する。,奄有,えんゆう,X,X
669,a音読み,D,斯学,しがく,斯学の権威となす。,斯学,しがく,X,X
670,a音読み,D,聾?,ろうあ,聾?者に配慮する。,聾?,ろうあ,X,X
671,a音読み,D,肌膚,きふ,肌膚に膏薬を貼る。,肌膚,きふ,X,X
672,a音読み,D,姦計,かんけい,姦計を巡らす。,姦計,かんけい,X,X
673,a音読み,D,飛箭,ひせん,飛箭が降り注ぐ。,飛箭,ひせん,X,X
674,a音読み,D,斧斤,ふきん,斧斤で薪を割る。,斧斤,ふきん,X,X
675,a音読み,D,捷報,しょうほう,捷報に歓喜する。,捷報,しょうほう,X,X
676,a音読み,D,慧悟,けいご,慧悟で勇敢な家臣だ。,慧悟,けいご,X,X
677,a音読み,D,慨歎,がいたん,我が境涯を慨歎する。,慨歎,がいたん,X,X
678,a音読み,D,一粟,いちぞく,そう海の一粟。,一粟,いちぞく,X,X
679,a音読み,D,綜合,そうごう,皆の提案を綜合する。,綜合,そうごう,X,X
680,a音読み,D,轟然,ごうぜん,轟然たる砲声が響く。,轟然,ごうぜん,X,X
681,a音読み,D,捧読,ほうどく,勅語を捧読する。,捧読,ほうどく,X,X
682,a音読み,D,塁砦,るいさい,塁砦を構築する。,塁砦,るいさい,X,X
683,a音読み,D,論駁,ろんばく,他説を論駁する。,論駁,ろんばく,X,X
684,a音読み,D,雛孫,すうそん,雛孫が子猫と戯れる。,雛孫,すうそん,X,X
685,a音読み,D,山麓,さんろく,山麓に草原が広がる。,山麓,さんろく,X,X
686,a音読み,D,溝渠,こうきょ,溝渠を張り巡らす。,溝渠,こうきょ,X,X
687,a音読み,D,群棲,ぐんせい,山中に鹿が群棲する。,群棲,ぐんせい,X,X
688,a音読み,D,舞妓,ぶぎ,酒席に舞妓を呼ぶ。,舞妓,ぶぎ,X,X
689,a音読み,D,戎衣,じゅうい,弾が戎衣を貫く。,戎衣,じゅうい,X,X
690,a音読み,D,叔姪,しゅくてつ,叔姪婚を禁じる。,叔姪,しゅくてつ,X,X
691,a音読み,D,仁恕,じんじょ,仁恕の心で接する。,仁恕,じんじょ,X,X
692,a音読み,D,薪柴,しんさい,薪柴を集める。,薪柴,しんさい,X,X
693,a音読み,D,翠微,すいび,翠微を眺める。,翠微,すいび,X,X
694,a音読み,D,縄矩,じょうく,縄矩を定める。,縄矩,じょうく,X,X
695,a音読み,D,冥加,みょうが,冥加に尽きる。,冥加,みょうが,X,X
696,a音読み,D,乙巳,いっし,乙巳の変が起こる。,乙巳,いっし,X,X
697,a音読み,D,界隈,かいわい,この界隈では評判だ。,界隈,かいわい,X,X
698,a音読み,D,符牒,ふちょう,荷物に符牒を付ける。,符牒,ふちょう,X,X
699,a音読み,D,妬心,としん,妬心を覚える。,妬心,としん,X,X
700,a音読み,D,瑞雲,ずいうん,突如瑞雲が現れる。,瑞雲,ずいうん,X,X
701,a音読み,D,弁疏,べんそ,弁疏の余地がない。,弁疏,べんそ,X,X
702,a音読み,D,訊鞠,じんきく,罪人に訊鞠を加える。,訊鞠,じんきく,X,X
703,a音読み,D,羅紗,らしゃ,羅紗の帽子を被る。,羅紗,らしゃ,X,X
704,a音読み,D,砥礪,しれい,公徳を砥礪する。,砥礪,しれい,X,X
705,a音読み,D,管窺,かんき,管窺を自覚する。,管窺,かんき,X,X
706,a音読み,D,汎称,はんしょう,複数の地を汎称する。,汎称,はんしょう,X,X
707,a音読み,D,梓匠,ししょう,梓匠を雇う。,梓匠,ししょう,X,X
708,a音読み,D,青翠,せいすい,青翠の大海が広がる。,青翠,せいすい,X,X
709,a音読み,D,董狐,とうこ,董狐の筆。,董狐,とうこ,X,X
710,a音読み,D,杜撰,ずさん,杜撰な計画を見直す。,杜撰,ずさん,X,X
711,a音読み,D,籠城,ろうじょう,籠城作戦を敢行する。,籠城,ろうじょう,X,X
712,a音読み,D,葡萄,ぶどう,葡萄を発酵させる。,葡萄,ぶどう,X,X
713,a音読み,D,欽羨,きんせん,欽羨の念を抱く。,欽羨,きんせん,X,X
714,a音読み,D,戊寅,ぼいん,戊寅の年に生まれる。,戊寅,ぼいん,X,X
715,a音読み,D,傭役,ようえき,適宜傭役する。,傭役,ようえき,X,X
716,a音読み,D,暢茂,ちょうも,灌木が暢茂する。,暢茂,ちょうも,X,X
717,a音読み,D,弄瓦,ろうが,娘の弄瓦を祝す。,弄瓦,ろうが,X,X
718,a音読み,D,拳骨,げんこつ,拳骨を振り上げる。,拳骨,げんこつ,X,X
719,a音読み,D,鹿砦,ろくさい,自陣に鹿砦を設ける。,鹿砦,ろくさい,X,X
720,a音読み,D,雲梯,うんてい,雲梯で腕力を鍛える。,雲梯,うんてい,X,X
721,a音読み,D,庇蔭,ひいん,罪人を庇蔭する。,庇蔭,ひいん,X,X
722,a音読み,D,舟筏,しゅうばつ,舟筏で対岸に渡る。,舟筏,しゅうばつ,X,X
723,a音読み,D,欣求,ごんぐ,浄土を欣求する。,欣求,ごんぐ,X,X
724,a音読み,D,茅舎,ぼうしゃ,宿場町に茅舎が並ぶ。,茅舎,ぼうしゃ,X,X
725,a音読み,D,畦畔,けいはん,田に畦畔を作る。,畦畔,けいはん,X,X
726,a音読み,D,糸鳶,しえん,空高く糸鳶をあげる。,糸鳶,しえん,X,X
727,a音読み,D,撫す,ぶす,腕を撫して待つ。,撫,ぶ,X,す
728,a音読み,D,牒状,ちょうじょう,牒状を送る。,牒状,ちょうじょう,X,X
729,a音読み,D,卦体,けたい,卦体が悪い。,卦体,けたい,X,X
730,a音読み,D,袈裟,けさ,袈裟と衣は心に着よ。,袈裟,けさ,X,X
731,a音読み,D,枇杷,びわ,枇杷の実を収穫する。,枇杷,びわ,X,X
732,a音読み,D,知嚢,ちのう,戦略に知嚢を絞る。,知嚢,ちのう,X,X
733,a音読み,D,長袖,ちょうしゅう,長袖の上着を着る。,長袖,ちょうしゅう,X,X
734,a音読み,D,檮昧,とうまい,檮昧を以て至福とす。,檮昧,とうまい,X,X
735,a音読み,D,英彦,えいげん,英彦として尊ばれる。,英彦,えいげん,X,X
736,a音読み,D,障碍,しょうがい,障碍を乗り越える。,障碍,しょうがい,X,X
737,a音読み,D,占卜,せんぼく,占卜で政事を行う。,占卜,せんぼく,X,X
738,a音読み,D,逼塞,ひっそく,片田舎に逼塞する。,逼塞,ひっそく,X,X
739,a音読み,D,詮議,せんぎ,容赦なく詮議する。,詮議,せんぎ,X,X
740,a音読み,D,賞翫,しょうがん,名器を賞翫する。,賞翫,しょうがん,X,X
741,a音読み,D,諒察,りょうさつ,御諒察下さい。,諒察,りょうさつ,X,X
742,a音読み,D,火箭,かせん,火箭を打ち上げる。,火箭,かせん,X,X
743,a音読み,D,畏怖,いふ,畏怖の念を抱く。,畏怖,いふ,X,X
744,a音読み,D,些末,さまつ,些末な事にこだわる。,些末,さまつ,X,X
745,a音読み,D,掩撃,えんげき,闇に紛れて掩撃する。,掩撃,えんげき,X,X
746,a音読み,D,薬圃,やくほ,薬圃から薬草を摘む。,薬圃,やくほ,X,X
747,a音読み,D,兵戟,へいげき,多くの兵戟を蓄える。,兵戟,へいげき,X,X
748,a音読み,D,嘉節,かせつ,嘉節を皆で祝う。,嘉節,かせつ,X,X
749,a音読み,D,濡滞,じゅたい,作業が濡滞する。,濡滞,じゅたい,X,X
750,a音読み,D,穎才,えいさい,穎才が認められる。,穎才,えいさい,X,X
751,a音読み,D,顎関節,がくかんせつ,顎関節が脱臼する。,顎関節,がくかんせつ,X,X
752,a音読み,D,伎楽,ぎがく,伎楽を上演する。,伎楽,ぎがく,X,X
753,a音読み,D,?囚,けいしゅう,敗れて?囚となる。,?囚,けいしゅう,X,X
754,a音読み,D,鶏黍,けいしょ,主から鶏黍を受ける。,鶏黍,けいしょ,X,X
755,a音読み,D,禎祥,ていしょう,禎祥が見られる。,禎祥,ていしょう,X,X
756,a音読み,D,昂然,こうぜん,昂然と胸を張る。,昂然,こうぜん,X,X
757,a音読み,D,晦匿,かいとく,官吏を辞め晦匿する。,晦匿,かいとく,X,X
758,a音読み,D,濤声,とうせい,砂浜に濤声が響く。,濤声,とうせい,X,X
759,a音読み,D,駕御,がぎょ,家臣を駕御する。,駕御,がぎょ,X,X
760,a音読み,D,鼠輩,そはい,政敵を鼠輩と蔑む。,鼠輩,そはい,X,X
761,a音読み,D,防諜,ぼうちょう,防諜を強化する。,防諜,ぼうちょう,X,X
762,a音読み,D,渥丹,あくたん,渥丹の器に薬を盛る。,渥丹,あくたん,X,X
763,a音読み,D,要津,ようしん,昔から要津とされる。,要津,ようしん,X,X
764,a音読み,D,竹箆,ちくへい,竹箆を打つ。,竹箆,ちくへい,X,X
765,a音読み,D,割烹,かっぽう,割烹で夕飯を済ます。,割烹,かっぽう,X,X
766,a音読み,D,播種,はしゅ,播種期を迎える。,播種,はしゅ,X,X
767,a音読み,D,擾乱,じょうらん,各地に擾乱が起こる。,擾乱,じょうらん,X,X
768,a音読み,D,微塵,みじん,微塵も痕跡がない。,微塵,みじん,X,X
769,a音読み,D,芸妓,げいぎ,芸妓が舞を披露する。,芸妓,げいぎ,X,X
770,a音読み,D,撞木,しゅもく,鐘も撞木の当たり柄。,撞木,しゅもく,X,X
771,a音読み,D,軽忽,けいこつ,軽忽な言動を戒める。,軽忽,けいこつ,X,X
772,a音読み,D,慧敏,けいびん,慧敏さに感心する。,慧敏,けいびん,X,X
773,a音読み,D,頭陀,ずだ,僧侶が頭陀行する。,頭陀,ずだ,X,X
774,a音読み,D,烹箭,ほうせん,師から烹箭を教わる。,烹箭,ほうせん,X,X
775,a音読み,D,銅壺,どうこ,銅壺で湯を沸かす。,銅壺,どうこ,X,X
776,a音読み,D,而立,じりつ,而立を迎え起業する。,而立,じりつ,X,X
777,a音読み,D,鞠訊,きくじん,容疑者を鞠訊する。,鞠訊,きくじん,X,X
778,a音読み,D,名妓,めいぎ,名妓と評判が高い。,名妓,めいぎ,X,X
779,a音読み,D,貰赦,せいしゃ,罪を貰赦する。,貰赦,せいしゃ,X,X
780,a音読み,D,砥柱,しちゅう,中流の砥柱。,砥柱,しちゅう,X,X
781,a音読み,D,匝囲,そうい,城を堀で匝囲する。,匝囲,そうい,X,X
782,a音読み,D,逼急,ひっきゅう,情勢が逼急している。,逼急,ひっきゅう,X,X
783,a音読み,D,竃煙,そうえん,竃煙が立ち上がる。,竃煙,そうえん,X,X
784,a音読み,D,鶯語,おうご,春山に鶯語が響く。,鶯語,おうご,X,X
785,a音読み,D,漏壺,ろうこ,漏壺が時を知らせる。,漏壺,ろうこ,X,X
786,a音読み,D,竪立,じゅりつ,自ら竪立する。,竪立,じゅりつ,X,X
787,a音読み,D,甑中,そうちゅう,甑中に塵を生ず。,甑中,そうちゅう,X,X
788,b訓読み,A,辿る,たどる,来た道を辿ってゴールを目指す。,辿,たど,X,る
789,b訓読み,A,擢んでる,ぬきんでる,その人の力量は擢んでている。,擢,ぬき,X,んでる
790,b訓読み,A,殆,ほとほと,近所のうわさ話に殆困っている。,殆,ほとほと,X,X
791,b訓読み,A,柵,しがらみ,会社の柵を断ち切りたい。,柵,しがらみ,X,X
792,b訓読み,A,捌く,さばく,性格が捌けているといわれる。,捌,さば,X,く
793,b訓読み,A,巽,たつみ,巽の方角にきれいな星が点在する。,巽,たつみ,X,X
794,b訓読み,A,萎れる,しおれる,萎れかけた花を水に挿す。,萎,しお,X,れる
795,b訓読み,A,蘇る,よみがえる,意識不明の状態から蘇った。,蘇,よみがえ,X,る
796,b訓読み,A,頗る,すこぶる,父は頗る上機嫌で出迎えてくれた。,頗,すこぶ,X,る
797,b訓読み,A,椙,すぎ,その山には椙が林立している。,椙,すぎ,X,X
798,b訓読み,A,嘉する,よみする,すばらしい贈り物を嘉する。,嘉,よみ,X,する
799,b訓読み,A,屡,しばしば,帰宅途中で屡訪れる店だ。,屡,しばしば,X,X
800,b訓読み,A,忽せ,ゆるがせ,そんな些細なことも忽せにしない。,忽,ゆるが,X,せ
801,b訓読み,A,詑く,あざむく,人を詑くことなく生きていたい。,詑,あざむ,X,く
802,b訓読み,A,漣,さざなみ,夕暮れに湖の漣を見つめていた。,漣,さざなみ,X,X
803,b訓読み,A,誹る,そしる,知人に誹られ気がふさぐ。,誹,そし,X,る
804,b訓読み,A,葎,むぐら,葎は広い範囲に亘って密生する。,葎,むぐら,X,X
805,b訓読み,A,適う,かなう,眼鏡に適う人物はいなかった。,適,かな,X,う
806,b訓読み,A,泥む,なずむ,旧例に泥んでいては進歩がない。,泥,なず,X,む
807,b訓読み,A,頑,かたくな,その頑さは誰に似たのだろう。,頑,かたくな,X,X
808,b訓読み,A,荻,おぎ,荻の根茎が地中を走る。,荻,おぎ,X,X
809,b訓読み,A,狛犬,こまいぬ,子供の頃、神社の狛犬が怖かった。,狛犬,こまいぬ,X,X
810,b訓読み,A,粥ぐ,ひさぐ,生活のため玩具などを粥ぐ。,粥,ひさ,X,ぐ
811,b訓読み,A,幼い,いとけない,我が子の幼い仕草に心が和む。,幼,いとけな,X,い
812,b訓読み,A,認める,したためる,お礼の手紙を認める。,認,したた,X,める
813,b訓読み,A,肖る,あやかる,彼の成功に肖りたい。,肖,あやか,X,る
814,b訓読み,A,鵜,う,鵜の目鷹の目で狙っている。,鵜,う,X,X
815,b訓読み,A,阿る,おもねる,この論説は時流に阿っている。,阿,おもね,X,る
816,b訓読み,A,苛い,からい,作品が苛い評価をされる。,苛,から,X,い
817,b訓読み,A,噺,はなし,落語家の噺を聞く。,噺,はなし,X,X
818,b訓読み,A,蔑ろ,ないがしろ,人の親切を蔑ろにする。,蔑,ないがし,X,ろ
819,b訓読み,A,宥める,なだめる,泣く子を必死に宥めている。,宥,なだ,X,める
820,b訓読み,A,籾,もみ,脱穀後の籾がらを掃除する。,籾,もみ,X,X
821,b訓読み,A,煽てる,おだてる,煽てられていい気になる。,煽,おだ,X,てる
822,b訓読み,A,戚む,いたむ,母の死を戚む。,戚,いた,X,む
823,b訓読み,A,歪む,ひずむ,その決定は大きな歪みを生んだ。,歪,ひず,X,む
824,b訓読み,A,誼,よしみ,昔の誼で口ききしてくれた。,誼,よしみ,X,X
825,b訓読み,A,笈,おい,笈を背負って行脚に出かけた。,笈,おい,X,X
826,b訓読み,A,宛ら,さながら,そのシーンは宛ら映画のようだ。,宛,さなが,X,ら
827,b訓読み,A,姑く,しばらく,二人の問題は姑く置いておく。,姑,しばら,X,く
828,b訓読み,A,鐙,あぶみ,鐙を蹴って馬に合図を送る。,鐙,あぶみ,X,X
829,b訓読み,A,坐ら,いながら,海外に坐らにして日本の事件を知る。,坐,いなが,X,ら
830,b訓読み,A,蝕む,むしばむ,作物を蝕む害虫を排除する。,蝕,むしば,X,む
831,b訓読み,A,賂う,まいなう,賂いの品と知り受け取りを拒否する。,賂,まいな,X,う
832,b訓読み,A,轍,わだち,雪の上に轍が続いている。,轍,わだち,X,X
833,b訓読み,A,覗く,のぞく,小さな穴から部屋の中を覗いた。,覗,のぞ,X,く
834,b訓読み,A,俄かに,にわかに,俄か評論家になって批評する。,俄,にわ,X,かに
835,b訓読み,A,砧,きぬた,歌舞伎の立ち回りで砧拍子が響く。,砧,きぬた,X,X
836,b訓読み,A,偏,ひとえ,完成は偏に君の努力によるものだ。,偏,ひとえ,X,X
837,b訓読み,A,艶姿,あですがた,着物の女性の艶姿に見とれる。,艶姿,あですがた,X,X
838,b訓読み,A,韮,にら,韮には独特のにおいがある。,韮,にら,X,X
839,b訓読み,A,媒,なかだち,私たちの媒は会社の部長です。,媒,なかだち,X,X
840,b訓読み,A,?,ひしお,?とは、なめ味噌の一種だ。,?,ひしお,X,X
841,b訓読み,A,櫛る,くしけずる,幼子の柔らかい髪を櫛る。,櫛,くしけず,X,る
842,b訓読み,A,鴇色,ときいろ,庭先に鴇色の花が咲き乱れる。,鴇色,ときいろ,X,X
843,b訓読み,A,硲,はざま,山と山の硲をひたすら進む。,硲,はざま,X,X
844,b訓読み,A,籾殻,もみがら,稲から籾殻を取り除く。,籾殻,もみがら,X,X
845,b訓読み,A,店晒,たなざら,解決策がない難題を店晒しにする。,店晒,たなざら,X,X
846,b訓読み,A,蔑む,さげすむ,蔑みをこめて睨みつける。,蔑,さげす,X,む
847,b訓読み,A,哨,みはり,哨を門に立たせて警備を強化する。,哨,みはり,X,X
848,b訓読み,A,捗る,はかどる,強力な助っ人のおかげで捗った。,捗,はかど,X,る
849,b訓読み,A,姦,かしま,子どもの姦しい声が聞こえる。,姦,かしま,X,X
850,b訓読み,A,?れる,けがれる,?れた心で朗読しないでほしい。,?,けが,X,れる
851,b訓読み,A,榊,さかき,祭りで榊の枝を使う。,榊,さかき,X,X
852,b訓読み,A,舷,ふなばた,舷をつかんで揺れに耐えた。,舷,ふなばた,X,X
853,b訓読み,A,雫,しずく,雪が解けて雫がしたたっている。,雫,しずく,X,X
854,b訓読み,A,怯む,ひるむ,相手の怯む隙に攻め込んだ。,怯,ひる,X,む
855,b訓読み,A,梯,はしご,梯を使って屋根の修理をする。,梯,はしご,X,X
856,b訓読み,A,八重葎,やえむぐら,八重葎の覆う庭で過ごす。,八重葎,やえむぐら,X,X
857,b訓読み,A,恕す,ゆるす,歳を重ね何事も恕せるようになった。,恕,ゆる,X,す
858,b訓読み,A,綻ぶ,ほころぶ,袖の綻びを直してもらう。,綻,ほころ,X,ぶ
859,b訓読み,A,矩,のり,論語に「矩をこえず」とある。,矩,のり,X,X
860,b訓読み,A,苫屋,とまや,無人の苫屋で一晩雨露を凌ぐ。,苫屋,とまや,X,X
861,b訓読み,A,佃煮,つくだに,牛肉の佃煮が好物だ。,佃煮,つくだに,X,X
862,b訓読み,A,瓢,ふくべ,瓢に酒を入れて小山を散策する。,瓢,ふくべ,X,X
863,b訓読み,A,瑞穂,みずほ,「瑞穂の国」との美称が使われる。,瑞穂,みずほ,X,X
864,b訓読み,A,沓,くつ,昔は、藁で作った沓を履いていた。,沓,くつ,X,X
865,b訓読み,A,矢鱈,やたら,洋服を矢鱈に買い込んだ。,矢鱈,やたら,X,X
866,b訓読み,A,凍てつく,いてつく,凍てつく朝に新聞を配る。,凍,い,X,てつく
867,b訓読み,A,周く,あまねく,周く知られるところとなった。,周,あまね,X,く
868,b訓読み,A,魁,さきがけ,わが社はネット産業の魁といわれる。,魁,さきがけ,X,X
869,b訓読み,A,煽る,あおる,人心を煽って暴動を起こす。,煽,あお,X,る
870,b訓読み,A,鑓,やり,昔の戦争には鑓が使われた。,鑓,やり,X,X
871,b訓読み,A,蹄,ひづめ,牡馬の蹄の音が鳴り響く。,蹄,ひづめ,X,X
872,b訓読み,A,悉,つぶさ,会議の内容を悉に記録する。,悉,つぶさ,X,X
873,b訓読み,A,讃える,たたえる,永年の功労を讃えて表彰する。,讃,たた,X,える
874,b訓読み,A,岨道,そばみち,細い岨道を通って山を越える。,岨道,そばみち,X,X
875,b訓読み,A,匁,もんめ,六十匁が一両にあたる。,匁,もんめ,X,X
876,b訓読み,A,尤める,とがめる,他人の欠点をあからさまに尤める。,尤,とが,X,める
877,b訓読み,A,捌ける,はける,よく水が捌ける土壌にする。,捌,は,X,ける
878,b訓読み,A,叛く,そむく,上官の命令に叛いて行動する。,叛,そむ,X,く
879,b訓読み,A,灸,やいと,灸の治療を施して腰痛を和らげる。,灸,やいと,X,X
880,b訓読み,A,殆うく,あやうく,殆うく大事故になるところだった。,殆,あや,X,うく
881,b訓読み,A,苛まれた,さいなまれた,酷い言葉に苛まれた。,苛,さいな,X,まれた
882,b訓読み,A,丞ける,たすける,君子の政務を傍で丞ける。,丞,たす,X,ける
883,b訓読み,A,奈,いかん,現在の技術では奈ともしがたい。,奈,いかん,X,X
884,b訓読み,A,郁しい,かぐわしい,郁しい花の香りを胸いっぱい吸い込む。,郁,かぐわ,X,しい
885,b訓読み,A,竈,かまど,竈で煮炊きをする。,竈,かまど,X,X
886,b訓読み,A,廓,くるわ,その昔、この辺りは廓だった。,廓,くるわ,X,X
887,b訓読み,A,疋,ぴき,一疋の絹布で羽織をあつらえる。,疋,ぴき,X,X
888,b訓読み,A,而る,しかる,三たび思いて而る後行う。,而,しか,X,る
889,b訓読み,A,樵,きこり,樵として山の中で生活する。,樵,きこり,X,X
890,b訓読み,A,掠めた,かすめた,母の悲しそうな姿が心を掠めた。,掠,かす,X,めた
891,b訓読み,A,託ける,かこつける,雨に託けて練習をサボる。,託,かこつ,X,ける
892,b訓読み,A,俣,また,川の俣にゴミがたまっている。,俣,また,X,X
893,b訓読み,A,瑞瑞しい,みずみずしい,瑞瑞しい歌声が心にとまる。,瑞瑞,みずみず,X,しい
894,b訓読み,A,椴松,とどまつ,椴松の製材を床板に用いる。,椴松,とどまつ,X,X
895,b訓読み,A,轡,くつわ,二頭が轡を並べてゴールした。,轡,くつわ,X,X
896,b訓読み,A,論う,あげつらう,笑いながら欠点を論う。,論,あげつら,X,う
897,b訓読み,A,拐す,かどわかす,少女を拐して連れ回す。,拐,かどわか,X,す
898,b訓読み,A,遜る,へりくだる,遜った態度に好感をおぼえる。,遜,へりくだ,X,る
899,b訓読み,A,堆い,うずたかい,堆く積み上げられた本の山に驚く。,堆,うずたか,X,い
900,b訓読み,A,栂,とが,家の建築に栂の木を使う。,栂,とが,X,X
901,b訓読み,A,韓紅,からくれない,落ち葉が川面を韓紅に染める。,韓紅,からくれない,X,X
902,b訓読み,A,塙,はなわ,塙に展望所と遊歩道を整備する。,塙,はなわ,X,X
903,b訓読み,A,庇う,かばう,足に負った傷を庇う。,庇,かば,X,う
904,b訓読み,A,鉦,かね,鉦や太鼓を叩いて収穫を祝う。,鉦,かね,X,X
905,b訓読み,A,曝す,さらす,納屋が風雨に曝されて朽ちる。,曝,さら,X,す
906,b訓読み,A,鴇,とき,鴇は特別天然記念物だ。,鴇,とき,X,X
907,b訓読み,A,乍ち,たちまち,勝利を知り乍ち明るくなった。,乍,たちま,X,ち
908,b訓読み,A,岨つ,そばだつ,岩山が壁のように岨っている。,岨,そばだ,X,つ
909,b訓読み,A,徒,いたずら,徒に時間ばかりが過ぎた。,徒,いたずら,X,X
910,b訓読み,A,雪ぐ,すすぐ,勝って汚名を雪ぐ。,雪,すす,X,ぐ
911,b訓読み,A,野蒜,のびる,野蒜は味噌で食べるのが一番だ。,野蒜,のびる,X,X
912,b訓読み,A,裳裾,もすそ,着物の裳裾をからげる。,裳裾,もすそ,X,X
913,b訓読み,A,弥,いや,先取点に弥が上にも興奮する。,弥,いや,X,X
914,b訓読み,A,壕,ほり,戦争中の壕の跡を埋める。,壕,ほり,X,X
915,b訓読み,A,諒,まこと,諒に申し訳ない。,諒,まこと,X,X
916,b訓読み,A,夷顔,えびすがお,遠来の客を夷顔で饗応した。,夷顔,えびすがお,X,X
917,b訓読み,A,文る,かざる,過ちを文る。,文,かざ,X,る
918,b訓読み,A,度,めもり,物差しの度を読んで記録する。,度,めもり,X,X
919,b訓読み,A,稿,したがき,稿を清書する。,稿,したがき,X,X
920,b訓読み,A,奴凧,やっこだこ,冬の晴れた空に奴凧を高く揚げる。,奴凧,やっこだこ,X,X
921,b訓読み,A,簾,すだれ,日よけに簾をおろす。,簾,すだれ,X,X
922,b訓読み,A,艮,うしとら,丑と寅との中間の方角を艮という。,艮,うしとら,X,X
923,b訓読み,A,漉く,すく,木の皮などを原料にして紙を漉く。,漉,す,X,く
924,b訓読み,A,摺る,する,造幣局では紙幣を摺っている。,摺,す,X,る
925,b訓読み,A,亘る,わたる,研究論文は五百ページに亘る。,亘,わた,X,る
926,b訓読み,A,呪い,まじない,お呪いのおかげでうまくできた。,呪,まじな,X,い
927,b訓読み,A,顎,あご,顎足つきの招待を受ける。,顎,あご,X,X
928,b訓読み,A,具,つぶさ,一日の出来事を具に報告する。,具,つぶさ,X,X
929,b訓読み,A,麹,こうじ,日本の発酵食品には麹が必要だ。,麹,こうじ,X,X
930,b訓読み,A,蕗,ふき,蕗の葉を傘代わりにする。,蕗,ふき,X,X
931,b訓読み,A,檜扇,ひおうぎ,貴婦人が礼装時に檜扇を持つ。,檜扇,ひおうぎ,X,X
932,b訓読み,A,灼,あらたか,霊験灼な神社にお参りする。,灼,あらたか,X,X
933,b訓読み,A,鍍金,めっき,鍍金がはげる。,鍍金,めっき,X,X
934,b訓読み,A,鍔,つば,息子は鍔のない帽子が好きだ。,鍔,つば,X,X
935,b訓読み,A,梯子,はしご,屋根に梯子をかける。,梯子,はしご,X,X
936,b訓読み,A,茜,あかね,夕暮れの茜雲がきれいだ。,茜,あかね,X,X
937,b訓読み,A,約やか,つづまやか,両親の生活は約やかなものだった。,約,つづま,X,やか
938,b訓読み,A,蕊,しべ,蕊は花の生殖器官だ。,蕊,しべ,X,X
939,b訓読み,A,早蕨,さわらび,源氏物語の四十八巻は早蕨だ。,早蕨,さわらび,X,X
940,b訓読み,A,集る,たかる,虫が集っている。,集,たか,X,る
941,b訓読み,A,之く,ゆく,孟浩然の広陵に之くを送る。,之,ゆ,X,く
942,b訓読み,A,塘,つつみ,総力を挙げて塘を築く。,塘,つつみ,X,X
943,b訓読み,A,零れる,こぼれる,コップの水が零れる。,零,こぼ,X,れる
944,b訓読み,A,杏,あんず,杏の実をジャムにする。,杏,あんず,X,X
945,b訓読み,A,鞘,さや,元の鞘におさまった。,鞘,さや,X,X
946,b訓読み,A,濃やか,こまやか,孫に濃やかな愛情を注ぐ。,濃,こま,X,やか
947,b訓読み,B,垂,なんなん,祖父は百歳に垂とする。,垂,なんなん,X,X
948,b訓読み,B,凪,なぎ,浜は凪で穏やかな夕暮れだ。,凪,なぎ,X,X
949,b訓読み,B,箆,へら,箆でご飯を盛る。,箆,へら,X,X
950,b訓読み,B,堰く,せく,勢いよく流れる水を堰きとめる。,堰,せ,X,く
951,b訓読み,B,悉く,ことごとく,検事の主張は悉く却下された。,悉,ことごと,X,く
952,b訓読み,B,鴫,しぎ,鴫の飛び立つ姿を目にする。,鴫,しぎ,X,X
953,b訓読み,B,凄まじい,すさまじい,凄まじい勢いでゴールに向かう。,凄,すさ,X,まじい
954,b訓読み,B,些か,いささか,解決するには些か難しい問題だ。,些,いささ,X,か
955,b訓読み,B,澱,おり,水底に澱がたまっている。,澱,おり,X,X
956,b訓読み,B,戚える,うれえる,親友の死を戚える。,戚,うれ,X,える
957,b訓読み,B,歪,いびつ,歪な形の痕が残る。,歪,いびつ,X,X
958,b訓読み,B,凌ぐ,しのぐ,その実力は師をも凌ぐ。,凌,しの,X,ぐ
959,b訓読み,B,凋む,しぼむ,水をやり忘れて花が凋んだ。,凋,しぼ,X,む
960,b訓読み,B,倦む,うむ,鍛錬を倦むことなく続けた。,倦,う,X,む
961,b訓読み,B,爾,なんじ,爾、自らを知れ。,爾,なんじ,X,X
962,b訓読み,B,夙い,はやい,夙くから趣味の釣りに出かける。,夙,はや,X,い
963,b訓読み,B,椛,もみじ,椛の美しい庭園を歩く。,椛,もみじ,X,X
964,b訓読み,B,鼎,かなえ,鼎を使って食物を煮る。,鼎,かなえ,X,X
965,b訓読み,B,僻言,ひがごと,僻言は聞きづらい。,僻言,ひがごと,X,X
966,b訓読み,B,鋒,ほこ,状勢が変わり攻撃の鋒を収める。,鋒,ほこ,X,X
967,b訓読み,B,淫る,ふける,アルコールに淫る生活が続いた。,淫,ふけ,X,る
968,b訓読み,B,夙,つと,その人のことは夙に知っていた。,夙,つと,X,X
969,b訓読み,B,穿つ,うがつ,穿ったことを言う人だ。,穿,うが,X,つ
970,b訓読み,B,蔀,しとみ,上様には蔀ごしに拝謁した。,蔀,しとみ,X,X
971,b訓読み,B,矧ぐ,はぐ,戦に備えて矢を矧ぐ。,矧,は,X,ぐ
972,b訓読み,B,櫓,やぐら,櫓の上から火事を発見した。,櫓,やぐら,X,X
973,b訓読み,B,苛,いら,苛立ちを隠しきれずに怒鳴る。,苛,いら,X,X
974,b訓読み,B,掬ぶ,むすぶ,清水を手に掬んで飲む。,掬,むす,X,ぶ
975,b訓読み,B,咽ぶ,むせぶ,奥の部屋から咽び泣く声が聞こえる。,咽,むせ,X,ぶ
976,b訓読み,B,饗す,もてなす,宿ではすばらしい饗しを受けた。,饗,もてな,X,す
977,b訓読み,B,纏う,まとう,子どもが母親に纏いつく。,纏,まと,X,う
978,b訓読み,B,縞柄,しまがら,縞柄のシャツを着る。,縞柄,しまがら,X,X
979,b訓読み,B,薙ぐ,なぐ,敵を薙ぎ倒して進む。,薙,な,X,ぐ
980,b訓読み,B,樫,かし,公園の樫の実を拾う。,樫,かし,X,X
981,b訓読み,B,甑,こしき,昔は甑を使って米を蒸した。,甑,こしき,X,X
982,b訓読み,B,禿びる,ちびる,禿びた鉛筆でメモをとる。,禿,ち,X,びる
983,b訓読み,B,斑,まだら,斑模様の服を着る。,斑,まだら,X,X
984,b訓読み,B,潰える,ついえる,その瞬間に望みが潰えた。,潰,つい,X,える
985,b訓読み,B,慧い,さとい,彼は利に慧いといわれる。,慧,さと,X,い
986,b訓読み,B,弄れる,たわむれる,男女の弄れの声が聞こえてくる。,弄,たわむ,X,れる
987,b訓読み,B,厭,いや,厭な夢にうなされる。,厭,いや,X,X
988,b訓読み,B,捻る,ひねる,歩きながら一句捻る。,捻,ひね,X,る
989,b訓読み,B,套ねる,かさねる,セーターの上にコートを套ねる。,套,かさ,X,ねる
990,b訓読み,B,厩,うまや,厩の馬を放牧する。,厩,うまや,X,X
991,b訓読み,B,骸,むくろ,死んでただの骸になってしまった。,骸,むくろ,X,X
992,b訓読み,B,儘,まま,儘ならぬ世の中だ。,儘,まま,X,X
993,b訓読み,B,萌える,もえる,萌え出す草木の息吹を感じる。,萌,も,X,える
994,b訓読み,B,尖る,とがる,尖った塔のシルエットが美しい。,尖,とが,X,る
995,b訓読み,B,遁れる,のがれる,遁れるように田舎に引きこもる。,遁,のが,X,れる
996,b訓読み,B,匂う,におう,芳しい匂いに思わず振り向く。,匂,にお,X,う
997,b訓読み,B,聡い,さとい,彼女はとても聡く賢い。,聡,さと,X,い
998,b訓読み,B,啄む,ついばむ,鳩がパンくずを啄んでいる。,啄,ついば,X,む
999,b訓読み,B,愈,いよいよ,愈、自分の出番が来た。,愈,いよいよ,X,X
1000,b訓読み,B,昂る,たかぶる,気持ちの昂りを抑えきれない。,昂,たかぶ,X,る
1001,b訓読み,B,逗まる,とどまる,海辺の宿に逗まることにした。,逗,とど,X,まる
1002,b訓読み,B,尖,さき,尖のとがった石を拾った。,尖,さき,X,X
1003,b訓読み,B,萌む,めぐむ,新時代の萌みを感じる。,萌,めぐ,X,む
1004,b訓読み,B,凧,たこ,空にいくつもの凧が揚がっている。,凧,たこ,X,X
1005,b訓読み,B,厭きる,あきる,母の愚痴は聞き厭きた。,厭,あ,X,きる
1006,b訓読み,B,弄ぶ,もてあそぶ,悲しい運命に弄ばれた。,弄,もてあそ,X,ぶ
1007,b訓読み,B,鰯,いわし,新鮮な鰯で鮨を作る。,鰯,いわし,X,X
1008,b訓読み,B,撞く,つく,古寺の鐘を撞く。,撞,つ,X,く
1009,b訓読み,B,撚る,よる,糸を撚って丈夫な紐を作る。,撚,よ,X,る
1010,b訓読み,B,蛭,ひる,田んぼで蛭に血を吸われた。,蛭,ひる,X,X
1011,b訓読み,B,纏る,まつる,ほつれた裾を纏ってもらう。,纏,まつ,X,る
1012,b訓読み,B,蒙い,くらい,理に蒙い人々を教え導く。,蒙,くら,X,い
1013,b訓読み,B,玩ぶ,もてあそぶ,人の心を玩んだりしない。,玩,もてあそ,X,ぶ
1014,b訓読み,B,尖い,するどい,尖い刃に一瞬たじろいだ。,尖,するど,X,い
1015,b訓読み,B,頃く,しばらく,完成まで頃く時間を要する。,頃,しばら,X,く
1016,b訓読み,B,凝る,こる,目を凝らして経過を見守る。,凝,こ,X,る
1017,b訓読み,C,種籾,たねもみ,春が訪れて種籾を播く。,種籾,たねもみ,X,X
1018,b訓読み,C,動,やや,動もすると手を抜きがちだ。,動,やや,X,X
1019,b訓読み,C,惟う,おもう,惟うにこれは当然の結果だった。,惟,おも,X,う
1020,b訓読み,C,絢,あや,ハンカチに絢を刺?する。,絢,あや,X,X
1021,b訓読み,C,恰も,あたかも,恰も実話のような話しぶりだった。,恰,あたか,X,も
1022,b訓読み,C,筏,いかだ,無謀にも筏で急流を下る。,筏,いかだ,X,X
1023,b訓読み,C,盈ちる,みちる,月がだんだんと盈ちる。,盈,み,X,ちる
1024,b訓読み,C,斯,これ,斯は誰のものですか。,斯,これ,X,X
1025,b訓読み,C,堰,せき,堰を切ったように話し始めた。,堰,せき,X,X
1026,b訓読み,C,?む,つかむ,まるで雲を?むような話だ。,?,つか,X,む
1027,b訓読み,C,潤目鰯,うるめいわし,捕れた潤目鰯を干物にする。,潤目鰯,うるめいわし,X,X
1028,b訓読み,C,挫く,くじく,突然の訪問に出鼻を挫かれた。,挫,くじ,X,く
1029,b訓読み,C,窺う,うかがう,小窓から外の様子を窺う。,窺,うかが,X,う
1030,b訓読み,C,忽ち,たちまち,忽ち人が集まってきた。,忽,たちま,X,ち
1031,b訓読み,C,淘げる,よなげる,河畔で集めた砂金を淘げる。,淘,よな,X,げる
1032,b訓読み,C,劃ける,わける,友情を劃かつ出来事があった。,劃,わ,X,ける
1033,b訓読み,C,鴫焼き,しぎやき,秋茄子を鴫焼きにして食べる。,鴫焼,しぎや,X,き
1034,b訓読み,C,罷める,やめる,大臣を罷めさせる。,罷,や,X,める
1035,b訓読み,C,鱈,たら,鍋に鱈の切り身を入れる。,鱈,たら,X,X
1036,b訓読み,C,謂,いい,その意見は勝者の謂だ。,謂,いい,X,X
1037,b訓読み,C,凱,かちどき,味方の勝利に凱をあげる。,凱,かちどき,X,X
1038,b訓読み,C,巷,ちまた,巷で話題の恐竜の映画を鑑賞する。,巷,ちまた,X,X
1039,b訓読み,C,菰,こも,松の幹に菰を巻きつける。,菰,こも,X,X
1040,b訓読み,C,栃餅,とちもち,栃餅は秋の季語だ。,栃餅,とちもち,X,X
1041,b訓読み,C,苑,その,私の自慢の薔薇の苑をご覧ください。,苑,その,X,X
1042,b訓読み,C,寓ける,かこつける,お祝いに寓けて家を訪問する。,寓,かこつ,X,ける
1043,b訓読み,C,肱,ひじ,肱を張って立ち入りを阻止する。,肱,ひじ,X,X
1044,b訓読み,C,謀す,しめす,謀し合わせたかのような偶然だ。,謀,しめ,X,す
1045,b訓読み,C,罵る,ののしる,大きな罵り声が聞こえてきた。,罵,ののし,X,る
1046,b訓読み,C,蔓る,はびこる,荒れはてた建物に蔦が蔓る。,蔓,はびこ,X,る
1047,b訓読み,C,笥子,けこ,笥子に炊いたばかりの飯を盛る。,笥子,けこ,X,X
1048,b訓読み,C,饗,あえ,収穫の時期に饗の祭りが行われる。,饗,あえ,X,X
1049,b訓読み,C,面舵,おもかじ,面舵を切って北北西に変針する。,面舵,おもかじ,X,X
1050,b訓読み,C,亡骸,なきがら,家族が亡骸にすがって号泣した。,亡骸,なきがら,X,X
1051,b訓読み,C,捗捗しい,はかばかしい,仕事の状況は捗捗しくない。,捗捗,はかばか,X,しい
1052,b訓読み,C,杢,もく,父は腕利きの杢として評判だ。,杢,もく,X,X
1053,b訓読み,C,麿,まろ,麿は一人称だ。,麿,まろ,X,X
1054,b訓読み,C,閏年,うるうどし,閏年は四年に一度めぐってくる。,閏年,うるうどし,X,X
1055,b訓読み,C,柾目,まさめ,柾目の美しい木材を選ぶ。,柾目,まさめ,X,X
1056,b訓読み,C,謬る,あやまる,大きな謬りを正す。,謬,あやま,X,る
1057,b訓読み,C,疏んじる,うとんじる,人の厚意を疏んじる。,疏,うと,X,んじる
1058,b訓読み,C,靱やか,しなやか,革の靱やかさを楽しむ。,靱,しな,X,やか
1059,b訓読み,C,蓋し,けだし,蓋し芸術の評価は難しい。,蓋,けだ,X,し
1060,b訓読み,C,蕩かす,とろかす,人を蕩かすような台詞をはく。,蕩,とろ,X,かす
1061,b訓読み,C,按べる,しらべる,地方官の行政などを按べる。,按,しら,X,べる
1062,b訓読み,C,鴛鴦,おしどり,両親は鴛鴦夫婦と呼ばれている。,鴛鴦,おしどり,X,X
1063,b訓読み,C,袷,あわせ,母から譲られた袷に袖を通す。,袷,あわせ,X,X
1064,b訓読み,C,沫,しぶき,打ち水の沫が顔にかかる。,沫,しぶき,X,X
1065,b訓読み,C,箕,み,竹の皮を編んで箕を作る。,箕,み,X,X
1066,b訓読み,C,苧環,おだまき,紡いだ麻糸を巻いて苧環を作る。,苧環,おだまき,X,X
1067,b訓読み,C,疏ら,まばら,夜道は人影が疏らだ。,疏,まば,X,ら
1068,b訓読み,C,牡蠣,かき,牡蠣は冬がおいしいといわれる。,牡蠣,かき,X,X
1069,b訓読み,C,邑,むら,その邑は直轄地だった。,邑,むら,X,X
1070,b訓読み,C,蓋う,おおう,球場は熱気に蓋われていた。,蓋,おお,X,う
1071,b訓読み,C,拳,こぶし,拳を上げて喜びを表現する。,拳,こぶし,X,X
1072,b訓読み,C,拭う,ぬぐう,汗を拭って作業を続けた。,拭,ぬぐ,X,う
1073,b訓読み,C,僻む,ひがむ,兄ばかり褒められ弟が僻む。,僻,ひが,X,む
1074,b訓読み,C,襖,ふすま,過って襖を破いてしまった。,襖,ふすま,X,X
1075,b訓読み,C,迺ち,すなわち,迺ち復変じて一と為る。,迺,すなわ,X,ち
1076,b訓読み,C,翫ぶ,もてあそぶ,人の気持ちを翫ぶな。,翫,もてあそ,X,ぶ
1077,b訓読み,C,瀞,とろ,川の瀞でいかだ遊びを楽しむ。,瀞,とろ,X,X
1078,b訓読み,C,荊,いばら,彼の一生は荊の道であった。,荊,いばら,X,X
1079,b訓読み,C,凧糸,たこいと,凧糸を竹に巻き付ける。,凧糸,たこいと,X,X
1080,b訓読み,C,耽,る,図書館にこもって読書に耽る。,耽,る,X,X
1081,b訓読み,C,叢,むら,山肌に木々が叢立っている。,叢,むら,X,X
1082,b訓読み,C,沓石,くついし,沓石の上に柱を立てる。,沓石,くついし,X,X
1083,b訓読み,C,真菰,まこも,田んぼの水路に真菰が自生する。,真菰,まこも,X,X
1084,b訓読み,C,奄ち,たちまち,奄ちうわさが広まった。,奄,たちま,X,ち
1085,b訓読み,C,湊まる,あつまる,支流が盆地に湊まる。,湊,あつ,X,まる
1086,b訓読み,C,須つ,まつ,学思行相須つ。,須,ま,X,つ
1087,b訓読み,C,頻り,しきり,頻りに催促の電話が掛かってくる。,頻,しき,X,り
1088,b訓読み,C,偶,たまたま,道で偶旧友に会った。,偶,たまたま,X,X
1089,b訓読み,C,抑,そもそも,抑それは可能なのだろうか。,抑,そもそも,X,X
1090,b訓読み,C,転た,うたた,転た同情の念に堪えない。,転,うた,X,た
1091,b訓読み,C,納れる,いれる,縁先で涼を納れる。,納,い,X,れる
1092,b訓読み,C,禦ぐ,ふせぐ,延焼による被害の拡大を禦ぐ。,禦,ふせ,X,ぐ
1093,b訓読み,C,嘗て,かつて,未だ嘗て聞いたことがない。,嘗,かつ,X,て
1094,b訓読み,C,凡そ,およそ,学校からは凡そ五百メートルだ。,凡,およ,X,そ
1095,b訓読み,D,苛立つ,いらだつ,煮え切らない態度に苛立つ。,苛立,いらだ,X,つ
1096,b訓読み,D,袖,そで,役人に対して袖の下を使う。,袖,そで,X,X
1097,b訓読み,D,畏まる,かしこまる,学長の前に出て思わず畏まる。,畏,かしこ,X,まる
1098,b訓読み,D,掬う,すくう,夏まつりで金魚掬いを楽しんだ。,掬,すく,X,う
1099,b訓読み,D,縦縞,たてしま,青い縦縞のワイシャツを着る。,縦縞,たてしま,X,X
1100,b訓読み,D,山鉾,やまほこ,京の街を山鉾が巡行する。,山鉾,やまほこ,X,X
1101,b訓読み,D,猶,なお,今猶達者に暮らす。,猶,なお,X,X
1102,b訓読み,D,窃か,ひそか,窃かに物を盗む。,窃,ひそ,X,か
1103,b訓読み,D,太だ,はなはだ,太だ迷惑している。,太,はなは,X,だ
1104,b訓読み,D,仮令,たとい,仮令高くても買う。,仮令,たとい,X,X
1105,b訓読み,D,如く,しく,巧詐は拙誠に如かず。,如,し,X,く
1106,b訓読み,D,縮緬,ちりめん,縮緬の羽織を着る。,縮緬,ちりめん,X,X
1107,b訓読み,D,趨る,はしる,極端に趨る。,趨,はし,X,る
1108,b訓読み,D,購う,あがなう,商店で日用品を購う。,購,あがな,X,う
1109,b訓読み,D,彊い,つよい,国を彊くする。,彊,つよ,X,い
1110,b訓読み,D,梢,こずえ,梢を切り落とす。,梢,こずえ,X,X
1111,b訓読み,D,耀く,かがやく,月が青白く耀く。,耀,かがや,X,く
1112,b訓読み,D,艶かしい,なまめかしい,和装が艶かしい。,艶,なまめ,X,かしい
1113,b訓読み,D,栃,とち,栃の実の灰汁を抜く。,栃,とち,X,X
1114,b訓読み,D,称える,となえる,異議を称える。,称,とな,X,える
1115,b訓読み,D,黄昏,たそがれ,黄昏時に帰途に就く。,黄昏,たそがれ,X,X
1116,b訓読み,D,浅葱,あさぎ,浅葱色の服を着る。,浅葱,あさぎ,X,X
1117,b訓読み,D,殿,しんがり,部隊の殿を務める。,殿,しんがり,X,X
1118,b訓読み,D,錫,すず,錫を産出する。,錫,すず,X,X
1119,b訓読み,D,鎖す,とざす,国を長く鎖す。,鎖,とざ,X,す
1120,b訓読み,D,鯛,たい,えびで鯛を釣る。,鯛,たい,X,X
1121,b訓読み,D,弁える,わきまえる,己の立場を弁える。,弁,わきま,X,える
1122,b訓読み,D,均す,ならす,荒れた地面を均す。,均,なら,X,す
1123,b訓読み,D,蝦蔓,えびづる,蝦蔓の実が完熟する。,蝦蔓,えびづる,X,X
1124,b訓読み,D,漁る,あさる,書物を読み漁る。,漁,あさ,X,る
1125,b訓読み,D,鋤鍬,すきくわ,鋤鍬で開墾する。,鋤鍬,すきくわ,X,X
1126,b訓読み,D,理,ことわり,諸行無常の理。,理,ことわり,X,X
1127,b訓読み,D,嵩高,かさだか,嵩高に物を言う。,嵩高,かさだか,X,X
1128,b訓読み,D,千尋,ちひろ,千尋の谷底に落ちる。,千尋,ちひろ,X,X
1129,b訓読み,D,栽培,さいばい,椎茸を栽培する。,栽培,さいばい,X,X
1130,b訓読み,D,冠る,かむる,新調した帽子を冠る。,冠,かむ,X,る
1131,b訓読み,D,藁,わら,藁にもすがる思い。,藁,わら,X,X
1132,b訓読み,D,只管,ひたすら,只管無事を祈る。,只管,ひたすら,X,X
1133,b訓読み,D,碍げる,さまたげる,発展を碍げる。,碍,さまた,X,げる
1134,b訓読み,D,屍,しかばね,屍を人前にさらす。,屍,しかばね,X,X
1135,b訓読み,D,鈍,にび,鈍色の雲に覆われる。,鈍,にび,X,X
1136,b訓読み,D,兜,かぶと,兜の緒を締める。,兜,かぶと,X,X
1137,b訓読み,D,蒲,がま,蒲が生い茂る。,蒲,がま,X,X
1138,b訓読み,D,努努,ゆめゆめ,努努油断するな。,努努,ゆめゆめ,X,X
1139,b訓読み,D,見窄らしい,みすぼらしい,見窄らしい家に住む。,見窄,みすぼ,X,らしい
1140,b訓読み,D,箆太い,のぶとい,箆太い声が響く。,箆太,のぶと,X,い
1141,b訓読み,D,態,わざ,態と見ぬふりをした。,態,わざ,X,X
1142,b訓読み,D,申年,さるどし,息子は申年生まれだ。,申年,さるどし,X,X
1143,b訓読み,D,瑞垣,みずがき,瑞垣を巡らす。,瑞垣,みずがき,X,X
1144,b訓読み,D,利鎌,とがま,利鎌を振り下ろす。,利鎌,とがま,X,X
1145,b訓読み,D,交,こもごも,内憂外患交至る。,交,こもごも,X,X
1146,b訓読み,D,沫雪,あわゆき,沫雪が深々と降る。,沫雪,あわゆき,X,X
1147,b訓読み,D,件,くだん,よって件の如し。,件,くだん,X,X
1148,b訓読み,D,愛弟子,まなでし,愛弟子に説諭する。,愛弟子,まなでし,X,X
1149,b訓読み,D,紙撚,こより,書類を紙撚で綴じる。,紙撚,こより,X,X
1150,b訓読み,D,?る,かじる,猿が林檎を?る。,?,かじ,X,る
1151,b訓読み,D,蔦,つた,壁一面に蔦が這う。,蔦,つた,X,X
1152,b訓読み,D,妄り,みだり,妄りに立ち入るな。,妄,みだ,X,り
1153,b訓読み,D,隼,はやぶさ,隼が獲物を狙う。,隼,はやぶさ,X,X
1154,b訓読み,D,肋骨,ろっこつ,事故で肋骨が折れる。,肋骨,ろっこつ,X,X
1155,b訓読み,D,焦れる,じれる,車が進まず焦れる。,焦,じ,X,れる
1156,b訓読み,D,雅やか,みやびやか,雅やかな格好をする。,雅,みやび,X,やか
1157,b訓読み,D,真鰯,まいわし,真鰯を塩焼きにする。,真鰯,まいわし,X,X
1158,b訓読み,D,畦道,あぜみち,畦道を歩いて帰る。,畦道,あぜみち,X,X
1159,b訓読み,D,塞ぐ,ふさぐ,落石で道を塞ぐ。,塞,ふさ,X,ぐ
1160,b訓読み,D,曳く,ひく,尾を途中に曳く。,曳,ひ,X,く
1161,b訓読み,D,楢,なら,楢を切り倒す。,楢,なら,X,X
1162,b訓読み,D,解れる,ほぐれる,旅で気分が解れる。,解,ほぐ,X,れる
1163,b訓読み,D,顕れる,あらわれる,不正が顕れる。,顕,あらわ,X,れる
1164,b訓読み,D,緊める,しめる,気を緊めて着手する。,緊,し,X,める
1165,b訓読み,D,薦被り,こもかぶり,薦被りを奉納する。,薦被,こもかぶ,X,り
1166,b訓読み,D,鞭つ,むちうつ,老骨に鞭つ。,鞭,むちう,X,つ
1167,b訓読み,D,杭,くい,境界線に杭を打つ。,杭,くい,X,X
1168,b訓読み,D,糠,ぬか,野菜を糠に漬ける。,糠,ぬか,X,X
1169,b訓読み,D,萌黄,もえぎ,萌黄色に布を染める。,萌黄,もえぎ,X,X
1170,b訓読み,D,一片,ひとひら,一片の花びらが舞う。,一片,ひとひら,X,X
1171,b訓読み,D,漫ろ,そぞろ,漫ろに歩く。,漫,そぞ,X,ろ
1172,b訓読み,D,裳着,もぎ,裳着の式を行う。,裳着,もぎ,X,X
1173,b訓読み,D,黍餅,きびもち,黍餅を振る舞う。,黍餅,きびもち,X,X
1174,b訓読み,D,某,なにがし,某かの金が必要だ。,某,なにがし,X,X
1175,b訓読み,D,漑ぐ,そそぐ,乾いた畑に水を漑ぐ。,漑,そそ,X,ぐ
1176,b訓読み,D,蹴鞠,けまり,園庭で蹴鞠を楽しむ。,蹴鞠,けまり,X,X
1177,b訓読み,D,谷まる,きわまる,進退谷まる。,谷,きわ,X,まる
1178,b訓読み,D,妖しい,あやしい,妖しい魅力がある。,妖,あや,X,しい
1179,b訓読み,D,懐く,いだく,相手に不信感を懐く。,懐,いだ,X,く
1180,b訓読み,D,摸る,さぐる,暗闇の中で摸る。,摸,さぐ,X,る
1181,b訓読み,D,椋鳥,むくどり,椋鳥が群がっている。,椋鳥,むくどり,X,X
1182,b訓読み,D,立蔀,たてじとみ,部屋に立蔀を立てる。,立蔀,たてじとみ,X,X
1183,b訓読み,D,沓巻,くつまき,柱を沓巻で飾る。,沓巻,くつまき,X,X
1184,b訓読み,D,一廉,ひとかど,一廉の人物だ。,一廉,ひとかど,X,X
1185,b訓読み,D,徒疎か,あだおろそか,徒疎かにはできない。,徒疎,あだおろそ,X,か
1186,b訓読み,D,笹舟,ささぶね,笹舟を水に浮かべる。,笹舟,ささぶね,X,X
1187,b訓読み,D,設える,しつらえる,一時避難所を設える。,設,しつら,X,える
1188,b訓読み,D,慮る,おもんぱかる,被害者の苦境を慮る。,慮,おもんぱか,X,る
1189,b訓読み,D,択ぶ,えらぶ,良禽は樹を択ぶ。,択,えら,X,ぶ
1190,b訓読み,D,挙って,こぞって,挙って参加する。,挙,こぞ,X,って
1191,b訓読み,D,神楽,かぐら,神楽を奉納する。,神楽,かぐら,X,X
1192,b訓読み,D,蝦根,えびね,蝦根が自生する。,蝦根,えびね,X,X
1193,b訓読み,D,笹身,ささみ,笹身に下味を付ける。,笹身,ささみ,X,X
1194,b訓読み,D,四阿,あずまや,四阿で一服する。,四阿,あずまや,X,X
1195,b訓読み,D,鮫,さめ,鮫をもりで捕らえる。,鮫,さめ,X,X
1196,b訓読み,D,享ける,うける,この世に生を享ける。,享,う,X,ける
1197,b訓読み,D,窟,いわや,窟に獣が棲む。,窟,いわや,X,X
1198,b訓読み,D,扱く,しごく,先輩から扱かれる。,扱,しご,X,く
1199,b訓読み,D,真榊,まさかき,真榊を奉納する。,真榊,まさかき,X,X
1200,b訓読み,D,鏑矢,かぶらや,鏑矢を放つ。,鏑矢,かぶらや,X,X
1201,b訓読み,D,蓋物,ふたもの,蓋物に前菜を盛る。,蓋物,ふたもの,X,X
1202,b訓読み,D,被る,かぶる,布団を被って寝る。,被,かぶ,X,る
1203,b訓読み,D,日向,ひなた,日向で居眠りする。,日向,ひなた,X,X
1204,b訓読み,D,伐る,きる,枯れた老木を伐る。,伐,き,X,る
1205,b訓読み,D,所以,ゆえん,人の人たる所以だ。,所以,ゆえん,X,X
1206,b訓読み,D,辻札,つじふだ,辻札を立てる。,辻札,つじふだ,X,X
1207,b訓読み,D,足?く,あがく,必死に足?く。,足?,あが,X,く
1208,b訓読み,D,種麹,たねこうじ,玄米から種麹を造る。,種麹,たねこうじ,X,X
1209,b訓読み,D,栗鹿子,くりかのこ,茶に栗鹿子を添える。,栗鹿子,くりかのこ,X,X
1210,b訓読み,D,蝦芋,えびいも,蝦芋の煮物を作る。,蝦芋,えびいも,X,X
1211,b訓読み,D,琢く,みがく,職人技を琢く。,琢,みが,X,く
1212,b訓読み,D,倶に,ともに,母と倶に買い物する。,倶,とも,X,に
1213,b訓読み,D,猷る,はかる,仇敵の暗殺を猷る。,猷,はか,X,る
1214,b訓読み,D,崇める,あがめる,天子を神と崇める。,崇,あが,X,める
1215,b訓読み,D,吹螺,ほらがい,山中で吹螺を吹く。,吹螺,ほらがい,X,X
1216,b訓読み,D,路,みち,思慮が浅く路を誤る。,路,みち,X,X
1217,b訓読み,D,詰る,なじる,度重なる失策を詰る。,詰,なじ,X,る
1218,b訓読み,D,悶える,もだえる,激痛に悶える。,悶,もだ,X,える
1219,b訓読み,D,黒橿,くろがし,神社に黒橿が並ぶ。,黒橿,くろがし,X,X
1220,b訓読み,D,羅,うすぎぬ,羅を身に纏う。,羅,うすぎぬ,X,X
1221,b訓読み,D,質す,ただす,関係者に疑点を質す。,質,ただ,X,す
1222,b訓読み,D,鶯,うぐいす,鶯が春を告げる。,鶯,うぐいす,X,X
1223,b訓読み,D,賤しい,いやしい,賤しい身となる。,賤,いや,X,しい
1224,b訓読み,D,鍔際,つばぎわ,絶体絶命の鍔際だ。,鍔際,つばぎわ,X,X
1225,b訓読み,D,辻斬り,つじぎり,辻斬りに遭遇する。,辻斬,つじぎ,X,り
1226,b訓読み,D,茜雲,あかねぐも,茜雲が秋空に耀く。,茜雲,あかねぐも,X,X
1227,b訓読み,D,大凡,おおよそ,大凡の見当は付く。,大凡,おおよそ,X,X
1228,b訓読み,D,黍,きび,黍餅を焼く。,黍,きび,X,X
1229,b訓読み,D,勾玉,まがたま,勾玉が出土する。,勾玉,まがたま,X,X
1230,b訓読み,D,旺ん,さかん,血気旺んな若者だ。,旺,さか,X,ん
1231,b訓読み,D,側,そば,暖炉の側に寄る。,側,そば,X,X
1232,b訓読み,D,寛ぐ,くつろぐ,静かな保養所で寛ぐ。,寛,くつろ,X,ぐ
1233,b訓読み,D,弥栄,いやさか,宗家の弥栄を祈る。,弥栄,いやさか,X,X
1234,b訓読み,D,曲者,くせもの,曲者が忍び込む。,曲者,くせもの,X,X
1235,b訓読み,D,熟す,こなす,手際よく仕事を熟す。,熟,こな,X,す
1236,b訓読み,D,昌ん,さかん,勢いが昌んになる。,昌,さか,X,ん
1237,b訓読み,D,愛でる,めでる,満開の桜を愛でる。,愛,め,X,でる
1238,b訓読み,D,苧殻,おがら,苧殻を焚く。,苧殻,おがら,X,X
1239,b訓読み,D,丙午,ひのえうま,丙午に大火が起こる。,丙午,ひのえうま,X,X
1240,b訓読み,D,御簾,みす,御簾を巻き上げる。,御簾,みす,X,X
1241,b訓読み,D,常闇,とこやみ,常闇に包まれる。,常闇,とこやみ,X,X
1242,b訓読み,D,緒,いとぐち,事件の緒をつかむ。,緒,いとぐち,X,X
1243,b訓読み,D,篠笹,しのざさ,篠笹が茂る。,篠笹,しのざさ,X,X
1244,b訓読み,D,柊,ひいらぎ,庭園に柊を植える。,柊,ひいらぎ,X,X
1245,b訓読み,D,小径,こみち,小径を散歩する。,小径,こみち,X,X
1246,b訓読み,D,斑入り,ふいり,斑入りの花を飾る。,斑入,ふい,X,り
1247,b訓読み,D,蟻,あり,蟻が土に巣穴を作る。,蟻,あり,X,X
1248,b訓読み,D,糠袋,ぬかぶくろ,糠袋で体を洗う。,糠袋,ぬかぶくろ,X,X
1249,b訓読み,D,衿,えり,コートの衿を立てる。,衿,えり,X,X
1250,b訓読み,D,吃る,どもる,ひどく吃る癖がある。,吃,ども,X,る
1251,b訓読み,D,由,よし,知る由もない。,由,よし,X,X
1252,b訓読み,D,括れる,くびれる,瓶の上が括れている。,括,くび,X,れる
1253,b訓読み,D,象る,かたどる,神を象った像を作る。,象,かたど,X,る
1254,b訓読み,D,寝惚ける,ねぼける,寝惚けて蹴つまずく。,寝惚,ねぼ,X,ける
1255,b訓読み,D,葦火,あしび,葦火を焚き暖をとる。,葦火,あしび,X,X
1256,b訓読み,D,朽れる,すたれる,商いが朽れる。,朽,すた,X,れる
1257,b訓読み,D,鯉濃,こいこく,鯉濃を馳走する。,鯉濃,こいこく,X,X
1258,b訓読み,D,気忙しい,きぜわしい,気忙しい年の暮れだ。,気忙,きぜわ,X,しい
1259,b訓読み,D,掌る,つかさどる,福祉行政を掌る。,掌,つかさど,X,る
1260,b訓読み,D,轡虫,くつわむし,轡虫の声が騒々しい。,轡虫,くつわむし,X,X
1261,b訓読み,D,己亥,つちのとい,己亥の年を迎える。,己亥,つちのとい,X,X
1262,b訓読み,D,直,ひた,直向きに努力する。,直,ひた,X,X
1263,b訓読み,D,粥腹,かゆばら,粥腹で力が入らない。,粥腹,かゆばら,X,X
1264,b訓読み,D,鋸屑,のこくず,鋸屑を燃料に用いる。,鋸屑,のこくず,X,X
1265,b訓読み,D,小噺,こばなし,小噺を披露する。,小噺,こばなし,X,X
1266,b訓読み,D,甲斐,かい,苦労の甲斐があった。,甲斐,かい,X,X
1267,b訓読み,D,則る,のっとる,前例に則って決める。,則,のっと,X,る
1268,b訓読み,D,勤しむ,いそしむ,日々研究に勤しむ。,勤,いそ,X,しむ
1269,b訓読み,D,後退り,あとずさり,敵を前に後退りする。,後退,あとずさ,X,り
1270,b訓読み,D,朔,ついたち,朔に市が立つ。,朔,ついたち,X,X
1271,b訓読み,D,髭,くちひげ,起きて髭を剃る。,髭,くちひげ,X,X
1272,b訓読み,D,揃える,そろえる,商品を豊富に揃える。,揃,そろ,X,える
1273,b訓読み,D,柚湯,ゆずゆ,冬至に柚湯に浸かる。,柚湯,ゆずゆ,X,X
1274,b訓読み,D,露,あらわ,企業秘密が露になる。,露,あらわ,X,X
1275,b訓読み,D,野点,のだて,桜の下で野点する。,野点,のだて,X,X
1276,b訓読み,D,厨,くりや,厨で食事を用意する。,厨,くりや,X,X
1277,b訓読み,D,二梱,ふたこり,綿糸を二梱仕入れる。,二梱,ふたこり,X,X
1278,b訓読み,D,幾何,いくばく,余命幾何もない。,幾何,いくばく,X,X
1279,b訓読み,D,薄,すすき,薄が鬱蒼と茂る。,薄,すすき,X,X
1280,b訓読み,D,熱る,ほてる,運動して体が熱った。,熱,ほて,X,る
1281,b訓読み,D,朝凪,あさなぎ,朝凪の海で舟を漕ぐ。,朝凪,あさなぎ,X,X
1282,b訓読み,D,杯,さかずき,杯を酌み交わす。,杯,さかずき,X,X
1283,b訓読み,D,楯突く,たてつく,弟子が師に楯突く。,楯突,たてつ,X,く
1284,b訓読み,D,御伽噺,おとぎばなし,幼子に御伽噺を読む。,御伽噺,おとぎばなし,X,X
1285,b訓読み,D,畷,なわて,畷をひたすら歩く。,畷,なわて,X,X
1286,b訓読み,D,鮎汲み,あゆくみ,川で鮎汲みをする。,鮎汲,あゆく,X,み
1287,b訓読み,D,散,ばら,鉛筆を散で売る。,散,ばら,X,X
1288,b訓読み,D,隈,くま,山中を隈なく捜す。,隈,くま,X,X
1289,b訓読み,D,匪ず,あらず,我が心石に匪ず。,匪,あら,X,ず
1290,b訓読み,D,挽く,ひく,材木を鋸で挽き切る。,挽,ひ,X,く
1291,b訓読み,D,二俣,ふたまた,川が二俣に分かれる。,二俣,ふたまた,X,X
1292,b訓読み,D,釦,ぼたん,外套の釦を外す。,釦,ぼたん,X,X
1293,b訓読み,D,伝,つて,伝を頼って上京する。,伝,つて,X,X
1294,b訓読み,D,井桁,いげた,板を井桁に組む。,井桁,いげた,X,X
1295,b訓読み,D,幌,ほろ,幌をかけて走る。,幌,ほろ,X,X
1296,b訓読み,D,長柄,ながえ,長柄の柄杓で掬う。,長柄,ながえ,X,X
1297,b訓読み,D,縞鰺,しまあじ,縞鰺を三枚に下ろす。,縞鰺,しまあじ,X,X
1298,b訓読み,D,椋,むく,椋はなっても木は榎。,椋,むく,X,X
1299,b訓読み,D,私か,ひそか,私かに画策する。,私,ひそ,X,か
1300,b訓読み,D,剰え,あまつさえ,剰え、風も強くなる。,剰,あまつさ,X,え
1301,b訓読み,D,糾う,あざなう,縄を糾う。,糾,あざな,X,う
1302,b訓読み,D,徐,おもむろ,徐に口を開く。,徐,おもむろ,X,X
1303,b訓読み,D,錘,おもり,釣り糸に錘を付ける。,錘,おもり,X,X
1304,b訓読み,D,詳らか,つまびらか,全容を詳らかにする。,詳,つまび,X,らか
1305,b訓読み,D,燥ぐ,はしゃぐ,子供のように燥ぐ。,燥,はしゃ,X,ぐ
1306,b訓読み,D,准える,なぞらえる,人生を旅に准える。,准,なぞら,X,える
1307,b訓読み,D,姥目樫,うばめがし,姥目樫の実を拾う。,姥目樫,うばめがし,X,X
1308,b訓読み,D,煉る,ねる,緻密な作戦を煉る。,煉,ね,X,る
1309,b訓読み,D,鷺,さぎ,闇夜に烏、雪に鷺。,鷺,さぎ,X,X
1310,b訓読み,D,蔀戸,しとみど,夜に蔀戸を下ろす。,蔀戸,しとみど,X,X
1311,b訓読み,D,虎斑,とらふ,虎斑の猫が横切る。,虎斑,とらふ,X,X
1312,b訓読み,D,柾,まさき,柾の生け垣で囲む。,柾,まさき,X,X
1313,b訓読み,D,与する,くみする,いずれにも与しない。,与,くみ,X,する
1314,b訓読み,D,油凪,あぶらなぎ,風が止み油凪となる。,油凪,あぶらなぎ,X,X
1315,b訓読み,D,竿,さお,竿に釣り糸を付ける。,竿,さお,X,X
1316,b訓読み,D,榎茸,えのきだけ,榎茸を吸い物にする。,榎茸,えのきだけ,X,X
1317,b訓読み,D,筏形,いかだがた,筏形に花を生ける。,筏形,いかだがた,X,X
1318,b訓読み,D,逼る,せまる,敵軍が背後から逼る。,逼,せま,X,る
1319,b訓読み,D,鬱ぐ,ふさぐ,気分が鬱ぎ込む。,鬱,ふさ,X,ぐ
1320,b訓読み,D,姥,うば,尉と姥の置物を買う。,姥,うば,X,X
1321,c表外読み,A,頑,かたくな,頑に心を閉ざす。,頑,かたくな,X,X
1322,c表外読み,A,憾む,うらむ,事業の失敗を憾む。,憾,うら,X,む
1323,c表外読み,A,強か,したたか,転んで強かに腰を打った。,強,したた,X,か
1324,c表外読み,A,与する,くみする,慈善事業に与する。,与,くみ,X,する
1325,c表外読み,A,糾す,ただす,使途不明のゆくえを糾す。,糾,ただ,X,す
1326,c表外読み,A,論う,あげつらう,過去をあれこれ論う。,論,あげつら,X,う
1327,c表外読み,A,託ける,かこつける,お祭りに託けて大騒ぎする。,託,かこつ,X,ける
1328,c表外読み,A,見える,まみえる,バチカンでローマ法王に見える。,見,まみ,X,える
1329,c表外読み,A,態,わざ,態とらしい大げさな反応をする。,態,わざ,X,X
1330,c表外読み,A,約める,つづめる,約めて言えば、これが結論です。,約,つづ,X,める
1331,c表外読み,A,偏,ひとえ,偏に皆様のご協力のお陰です。,偏,ひとえ,X,X
1332,c表外読み,A,詰る,なじる,裏切り行為を知って激しく詰った。,詰,なじ,X,る
1333,c表外読み,A,労る,いたわる,お年寄りを労る心が大切だ。,労,いたわ,X,る
1334,c表外読み,A,擬える,なぞらえる,物語の主人公に擬える。,擬,なぞら,X,える
1335,c表外読み,A,件,くだん,件の儲け話はうさん臭い。,件,くだん,X,X
1336,c表外読み,A,長ける,たける,漢字の読み書きに長けている。,長,た,X,ける
1337,c表外読み,A,現,うつつ,夢物語に現をぬかす。,現,うつつ,X,X
1338,c表外読み,A,慮る,おもんぱかる,友人の立場を慮って対処する。,慮,おもんぱか,X,る
1339,c表外読み,A,具,つぶさ,事件を発端から具に調べる。,具,つぶさ,X,X
1340,c表外読み,A,遊ぶ,すさぶ,屋外は風が吹き遊んでいる。,遊,すさ,X,ぶ
1341,c表外読み,A,屯,たむろ,行き場を失って屯する。,屯,たむろ,X,X
1342,c表外読み,A,殉う,したがう,生死の掟に殉う。,殉,したが,X,う
1343,c表外読み,A,惨む,いたむ,戦禍の悲惨さに心が惨む。,惨,いた,X,む
1344,c表外読み,A,徐,おもむろ,内情を徐に明かした。,徐,おもむろ,X,X
1345,c表外読み,A,戦く,おののく,君主の暴虐ぶりに皆戦いた。,戦,おのの,X,く
1346,c表外読み,A,集る,たかる,蟻が残飯に集っている。,集,たか,X,る
1347,c表外読み,A,肖る,あやかる,芸能人に肖って同じ髪型にする。,肖,あやか,X,る
1348,c表外読み,A,台,うてな,蓮の台の半座を分かつ。,台,うてな,X,X
1349,c表外読み,A,革める,あらためる,悪い慣習は革めるべきだ。,革,あらた,X,める
1350,c表外読み,A,解す,ほぐす,気持ちが自然に解れた。,解,ほぐ,X,す
1351,c表外読み,A,扱く,しごく,師匠に扱かれて腕を上げる。,扱,しご,X,く
1352,c表外読み,A,尉,じょう,シテとして尉を担う。,尉,じょう,X,X
1353,c表外読み,A,括れる,くびれる,瓶の括れた部分を持つ。,括,くび,X,れる
1354,c表外読み,A,某,なにがし,参加には某かのお金が必要です。,某,なにがし,X,X
1355,c表外読み,A,閲する,けみする,膨大な資料を閲する。,閲,けみ,X,する
1356,c表外読み,A,垂,なんなん,工場設立から五十年に垂とする。,垂,なんなん,X,X
1357,c表外読み,A,概ね,おおむね,機械の調子は概ね良好です。,概,おおむ,X,ね
1358,c表外読み,A,殿,しんがり,大将が殿に控える。,殿,しんがり,X,X
1359,c表外読み,A,因,ちなみ,因に僕と彼女は兄妹です。,因,ちなみ,X,X
1360,c表外読み,A,緒,いとぐち,和解の緒が見つからない。,緒,いとぐち,X,X
1361,c表外読み,A,転た,うたた,転た慚愧の念に堪えない。,転,うた,X,た
1362,c表外読み,A,努努,ゆめゆめ,作り事だとは努努思わなかった。,努努,ゆめゆめ,X,X
1363,c表外読み,A,存える,ながらえる,何があっても生き存えてみせる。,存,ながら,X,える
1364,c表外読み,A,番,つがい,猫を一番で飼う。,番,つがい,X,X
1365,c表外読み,A,戻る,もとる,彼の行いは人の道に戻る。,戻,もと,X,る
1366,c表外読み,A,鈍,にび,父の作業着は鈍色だ。,鈍,にび,X,X
1367,c表外読み,A,妄り,みだり,妄りに信じてはいけない。,妄,みだ,X,り
1368,c表外読み,A,寡,やもめ,寡暮らしの父を気にかける。,寡,やもめ,X,X
1369,c表外読み,A,墾く,ひらく,祖父の時代に墾いた土地。,墾,ひら,X,く
1370,c表外読み,A,敵う,かなう,クラスで彼女に敵う者はいない。,敵,かな,X,う
1371,c表外読み,A,拐す,かどわかす,幼い子を拐すとは許せない。,拐,かどわか,X,す
1372,c表外読み,A,清か,さやか,星が庭を清かに照らす。,清,さや,X,か
1373,c表外読み,A,頭,こうべ,出世するほど頭を垂れて働く。,頭,こうべ,X,X
1374,c表外読み,A,都て,すべて,都てここに書いてある通りです。,都,すべ,X,て
1375,c表外読み,A,法る,のっとる,伝統に法って進められた。,法,のっと,X,る
1376,c表外読み,A,万,よろず,万承ります。,万,よろず,X,X
1377,c表外読み,A,予め,あらかじめ,予め資料を作成しておく。,予,あらかじ,X,め
1378,c表外読み,A,辛い,つらい,辛い貧困生活を堪え忍ぶ。,辛,つら,X,い
1379,c表外読み,A,団い,まるい,団くなって花見を楽しんだ。,団,まる,X,い
1380,c表外読み,A,陸,ろく,陸でもない仕事にうんざりする。,陸,ろく,X,X
1381,c表外読み,A,適,たまたま,適入った喫茶店で旧友に会った。,適,たまたま,X,X
1382,c表外読み,A,粗,ほぼ,仕事は粗予定通りに進んだ。,粗,ほぼ,X,X
1383,c表外読み,A,熟す,こなす,流行の服を上手く着熟す。,熟,こな,X,す
1384,c表外読み,A,応に,まさに,応に故郷の事を知るべし。,応,まさ,X,に
1385,c表外読み,A,盟う,ちかう,互いに協力し合うことを盟う。,盟,ちか,X,う
1386,c表外読み,A,準える,なぞらえる,会社組織を人体に準える。,準,なぞら,X,える
1387,c表外読み,A,邪,よこしま,邪なたくらみが暴かれる。,邪,よこしま,X,X
1388,c表外読み,A,設える,しつらえる,客間を和風に設える。,設,しつら,X,える
1389,c表外読み,A,質す,ただす,事の真偽を厳しく質す。,質,ただ,X,す
1390,c表外読み,A,潜る,くぐる,捜査の網の目を潜り抜ける。,潜,くぐ,X,る
1391,c表外読み,A,周く,あまねく,周く世間に知れ渡っている。,周,あまね,X,く
1392,c表外読み,A,裏,うち,苦しい胸の裏を聞いてもらう。,裏,うち,X,X
1393,c表外読み,A,末,うら,日照りが続き草木が末枯れた。,末,うら,X,X
1394,c表外読み,A,漫ろ,そぞろ,銀座を漫ろ歩く。,漫,そぞ,X,ろ
1395,c表外読み,A,縦,ほしいまま,名声を縦にした英雄だ。,縦,ほしいまま,X,X
1396,c表外読み,A,点てる,たてる,茶を点てて客人をもてなす。,点,た,X,てる
1397,c表外読み,A,糾う,あざなう,草で縄を糾う。,糾,あざな,X,う
1398,c表外読み,A,席,むしろ,席を巻く勢いで人気を占める。,席,むしろ,X,X
1399,c表外読み,A,力める,つとめる,猛勉強して成績向上に力める。,力,つと,X,める
1400,c表外読み,A,諾う,うべなう,先方の提案を諾う。,諾,うべな,X,う
1401,c表外読み,A,罷る,まかる,罷り間違えば大事故だ。,罷,まか,X,る
1402,c表外読み,A,辱い,かたじけない,辱いお言葉感謝いたします。,辱,かたじけな,X,い
1403,c表外読み,A,凝り,しこり,長年の凝りを捨てて和解する。,凝,しこ,X,り
1404,c表外読み,A,報せる,しらせる,水質の調査結果を報せる。,報,しら,X,せる
1405,c表外読み,A,潤びる,ほとびる,冷たい水で喉を潤びらせる。,潤,ほと,X,びる
1406,c表外読み,A,嚇す,おどす,相手をにらみ据えて嚇した。,嚇,おど,X,す
1407,c表外読み,A,翼ける,たすける,将軍を翼ける役職につく。,翼,たす,X,ける
1408,c表外読み,A,芳しい,かぐわしい,バラの花が芳しい香りを放つ。,芳,かぐわ,X,しい
1409,c表外読み,A,階,きざはし,古寺の階を上る。,階,きざはし,X,X
1410,c表外読み,A,刺,とげ,刺のある言葉に傷ついた。,刺,とげ,X,X
1411,c表外読み,A,勤しむ,いそしむ,宣教師として布教に勤しむ。,勤,いそ,X,しむ
1412,c表外読み,A,直,ひた,彼の直向きさが信頼を生んでいる。,直,ひた,X,X
1413,c表外読み,A,弁える,わきまえる,前後の弁えもなく発言してしまう。,弁,わきま,X,える
1414,c表外読み,A,斉しい,ひとしい,皆が斉しく立ち上がった。,斉,ひと,X,しい
1415,c表外読み,A,謙る,へりくだる,謙って敬意を示す。,謙,へりくだ,X,る
1416,c表外読み,A,過る,よぎる,目の前を黒い影が過った。,過,よぎ,X,る
1417,c表外読み,A,斥う,うかがう,窓から様子を斥う。,斥,うかが,X,う
1418,c表外読み,A,碑,いしぶみ,功績を称えた作家の碑がある。,碑,いしぶみ,X,X
1419,c表外読み,A,寧ろ,むしろ,予想は外れたが寧ろ好い結果だ。,寧,むし,X,ろ
1420,c表外読み,A,事える,つかえる,恩師に事える。,事,つか,X,える
1421,c表外読み,A,痴がましい,おこがましい,説教するなど痴がましい。,痴,おこ,X,がましい
1422,c表外読み,A,残なう,そこなう,翠は羽を以て自ら残なう。,残,そこ,X,なう
1423,c表外読み,A,比ぶ,ならぶ,観光収入はドイツに比ぶ。,比,なら,X,ぶ
1424,c表外読み,A,埋ける,いける,保存のため大根を埋ける。,埋,い,X,ける
1425,c表外読み,A,放る,ひる,カメムシが悪臭を放る。,放,ひ,X,る
1426,c表外読み,A,参差,しんし,ビルが参差として並び立つ。,参差,しんし,X,X
1427,c表外読み,A,孔,あな,炭には小さな孔が空いている。,孔,あな,X,X
1428,c表外読み,A,序で,ついで,序での節はお立ち寄りください。,序,つい,X,で
1429,c表外読み,A,打打,ちょうちょう,打打と釘を打つ。,打打,ちょうちょう,X,X
1430,c表外読み,A,象る,かたどる,このケーキはハートを象っている。,象,かたど,X,る
1431,c表外読み,A,匿う,かくまう,しばらくの間、友人を匿う。,匿,かくま,X,う
1432,c表外読み,A,需める,もとめる,客の需めに応じて和服を仕立てる。,需,もと,X,める
1433,c表外読み,A,塊,つちくれ,爆発で塊が周囲に飛び散った。,塊,つちくれ,X,X
1434,c表外読み,A,喚く,わめく,不満を持つ民衆が口々に喚いた。,喚,わめ,X,く
1435,c表外読み,A,伸す,のす,ライバル企業が急速に勢いを伸す。,伸,の,X,す
1436,c表外読み,A,掃う,はらう,失敗し財産も地を掃うに至った。,掃,はら,X,う
1437,c表外読み,A,遍く,あまねく,遍く全国に医療を提供する。,遍,あまね,X,く
1438,c表外読み,A,害なう,そこなう,働き詰めで健康を害なう。,害,そこ,X,なう
1439,c表外読み,A,少く,わかく,少くしてすでに巨匠の風格を備える。,少,わか,X,く
1440,c表外読み,A,漫り,みだり,私生活を漫りに話すべきではない。,漫,みだ,X,り
1441,c表外読み,A,籍,ふみ,神学に関する籍の初版本を読む。,籍,ふみ,X,X
1442,c表外読み,A,白す,もうす,神前でこれまでの己の所業を白す。,白,もう,X,す
1443,c表外読み,A,拓く,ひらく,歌手としての新境地を拓いた。,拓,ひら,X,く
1444,c表外読み,A,束ねる,つかねる,為す術もなく手を束ねている。,束,つか,X,ねる
1445,c表外読み,A,字,あざな,武士には本名のほかに字がある。,字,あざな,X,X
1446,c表外読み,A,首め,はじめ,学芸会で首めのセリフをとちった。,首,はじ,X,め
1447,c表外読み,A,諦らか,つまびらか,会議の内容を諦らかにする。,諦,つまび,X,らか
1448,c表外読み,A,条,すじ,条の通らない主張を繰り返す。,条,すじ,X,X
1449,c表外読み,A,棺,ひつぎ,愛用の品とともに棺に納める。,棺,ひつぎ,X,X
1450,c表外読み,A,極める,きめる,洞ヶ峠を極め込む。,極,き,X,める
1451,c表外読み,A,端,はな,端から相手にされなかった。,端,はな,X,X
1452,c表外読み,A,頻り,しきり,隣家の犬が頻りに吠えている。,頻,しき,X,り
1453,c表外読み,A,謄し,うつし,住民票の謄しを提出する。,謄,うつ,X,し
1454,c表外読み,A,抗う,あらがう,時代の趨勢に抗うことはできない。,抗,あらが,X,う
1455,c表外読み,A,炊ぐ,かしぐ,米を炊ぐ間に夕食のおかずを作る。,炊,かし,X,ぐ
1456,c表外読み,A,脅える,おびえる,神出鬼没の敵の影に脅える。,脅,おび,X,える
1457,c表外読み,A,聴す,ゆるす,医師から短時間の外出が聴された。,聴,ゆる,X,す
1458,c表外読み,A,准える,なぞらえる,名勝に准えて造った庭園だ。,准,なぞら,X,える
1459,c表外読み,A,爆ぜる,はぜる,火が爆ぜる暖炉の周りでくつろぐ。,爆,は,X,ぜる
1460,c表外読み,A,宣う,のたまう,牧師が静かに宣う声が聞こえる。,宣,のたま,X,う
1461,c表外読み,A,購う,あがなう,努力で成功を購う。,購,あがな,X,う
1462,c表外読み,A,鬱ぐ,ふさぐ,事がうまく運ばずに鬱ぎ込む。,鬱,ふさ,X,ぐ
1463,c表外読み,A,発く,あばく,古墳を発いて古代を研究する。,発,あば,X,く
1464,c表外読み,A,確,しか,情報不足で確とは断定できない。,確,しか,X,X
1465,c表外読み,A,撮む,つまむ,強烈な刺激臭に思わず鼻を撮んだ。,撮,つま,X,む
1466,c表外読み,A,苛む,さいなむ,手出しができず無力感に苛まれる。,苛,さいな,X,む
1467,c表外読み,A,郭,くるわ,郭によって城への敵の侵入を防ぐ。,郭,くるわ,X,X
1468,c表外読み,A,謁える,まみえる,手柄を立て王に謁える。,謁,まみ,X,える
1469,c表外読み,A,親ら,みずから,天子親から朝敵を征伐する。,親,みずか,X,ら
1470,c表外読み,A,肯ずる,がえんずる,恩師の忠告も頑として肯じない。,肯,がえん,X,ずる
1471,c表外読み,A,額ずく,ぬかずく,額ずいて詫び、誠意を示す。,額,ぬか,X,ずく
1472,c表外読み,A,創,きず,足に創を負う。,創,きず,X,X
1473,c表外読み,A,将,はた,右に行くか将左に行くか。,将,はた,X,X
1474,c表外読み,A,廉,かど,違反の廉で取り調べを受けた。,廉,かど,X,X
1475,c表外読み,A,露,あらわ,不正が露になる。,露,あらわ,X,X
1476,c表外読み,A,号ぶ,さけぶ,悲しい知らせに泣き号んだ。,号,さけ,X,ぶ
1477,c表外読み,A,奇しくも,くしくも,奇しくも同年齢だった。,奇,く,X,しくも
1478,c表外読み,A,効う,ならう,先輩に効うが、うまくいかない。,効,なら,X,う
1479,c表外読み,A,方に,まさに,方に父が訪ねた日だった。,方,まさ,X,に
1480,c表外読み,A,訂す,ただす,版を改め大幅に訂す。,訂,ただ,X,す
1481,c表外読み,A,布袋,ほてい,布袋は七福神のひとりだ。,布袋,ほてい,X,X
1482,c表外読み,A,荒む,すさむ,失恋してから心が荒んだ。,荒,すさ,X,む
1483,c表外読み,A,衝く,つく,風雨を衝いて決行する。,衝,つ,X,く
1484,c表外読み,A,標,しめ,国境に標が立てられる。,標,しめ,X,X
1485,c表外読み,A,科,とが,飲酒運転の科で逮捕される。,科,とが,X,X
1486,c表外読み,B,普く,あまねく,普く世界に知られることとなる。,普,あまね,X,く
1487,c表外読み,B,抑,そもそも,抑、君が対処できる問題ではない。,抑,そもそも,X,X
1488,c表外読み,B,妻わせる,めあわせる,姫は隣国の王に妻わされた。,妻,めあ,X,わせる
1489,c表外読み,B,零れる,こぼれる,思わず笑みが零れた。,零,こぼ,X,れる
1490,c表外読み,B,負む,たのむ,最後の負みは君だけだ。,負,たの,X,む
1491,c表外読み,B,族,やから,身勝手な族が横行している。,族,やから,X,X
1492,c表外読み,B,私か,ひそか,海外進出を心私かに決意する。,私,ひそ,X,か
1493,c表外読み,B,衣,きぬ,歯に衣着せぬ言い方をする。,衣,きぬ,X,X
1494,c表外読み,B,帳,とばり,辺りが夜の帳に包まれる。,帳,とばり,X,X
1495,c表外読み,B,好,よしみ,昔の好で大目に見よう。,好,よしみ,X,X
1496,c表外読み,B,実,まめ,実に働いて蓄財する。,実,まめ,X,X
1497,c表外読み,B,和ぐ,なぐ,和いで静かな海を眺望する。,和,な,X,ぐ
1498,c表外読み,B,丹,に,丹塗りのお椀を買った。,丹,に,X,X
1499,c表外読み,B,掌る,つかさどる,神殿に農耕を掌る女神を祭る。,掌,つかさど,X,る
1500,c表外読み,B,堪える,こたえる,何度食べても堪えられない味だ。,堪,こた,X,える
1501,c表外読み,B,一入,ひとしお,苦労したから喜びも一入だ。,一入,ひとしお,X,X
1502,c表外読み,B,署す,しるす,有名画家の名が署された版画。,署,しる,X,す
1503,c表外読み,B,便う,へつらう,上役に便い成り上がる。,便,へつら,X,う
1504,c表外読み,B,伝,つて,伝を頼って職に就く。,伝,つて,X,X
1505,c表外読み,B,秋,とき,望外の豊作でまさに収穫の秋だ。,秋,とき,X,X
1506,c表外読み,B,交,こもごも,交に別れの挨拶をした。,交,こもごも,X,X
1507,c表外読み,B,斜,はす,家の斜向かいに大きな桜がある。,斜,はす,X,X
1508,c表外読み,B,凍てつく,いてつく,凍てつくような夜空の下を歩く。,凍,い,X,てつく
1509,c表外読み,B,剰え,あまつさえ,吹雪は止まらず剰え停電になった。,剰,あまつさ,X,え
1510,c表外読み,B,徒,いたずら,目的もなく徒に時を費やす。,徒,いたずら,X,X
1511,c表外読み,B,熱る,ほてる,恥ずかしさに思わず顔が熱った。,熱,ほて,X,る
1512,c表外読み,B,賢しら,さかしら,賢しらに振る舞う。,賢,さか,X,しら
1513,c表外読み,B,泥む,なずむ,旧習に泥んだ計画だ。,泥,なず,X,む
1514,c表外読み,B,則る,のっとる,歓迎会は慣習に則って行われる。,則,のっと,X,る
1515,c表外読み,B,擁る,まもる,親鳥が巣箱でヒナを擁る。,擁,まも,X,る
1516,c表外読み,B,荘か,おごそか,荘かな琴の音色に耳を傾ける。,荘,おごそ,X,か
1517,c表外読み,B,塗れる,まみれる,通りの地蔵はほこりに塗れていた。,塗,まみ,X,れる
1518,c表外読み,B,漁る,あさる,めぼしい物はないか漁る。,漁,あさ,X,る
1519,c表外読み,B,動,やや,動もすると意見が偏ってしまう。,動,やや,X,X
1520,c表外読み,B,殺ぐ,そぐ,時ならぬ雑音で気分が殺がれた。,殺,そ,X,ぐ
1521,c表外読み,B,戯れる,ざれる,戯れ事と思って聞いてください。,戯,ざ,X,れる
1522,c表外読み,B,均す,ならす,荒れ地を均して公園にする。,均,なら,X,す
1523,c表外読み,B,果す,おおす,包囲網を敷けば逃げ果せまい。,果,おお,X,す
1524,c表外読み,B,尽く,ことごとく,作戦が尽く失敗する。,尽,ことごと,X,く
1525,c表外読み,B,焦れる,じれる,高速道路の渋滞に焦れる。,焦,じ,X,れる
1526,c表外読み,B,逸れる,それる,話が逸れて要点がつかめない。,逸,そ,X,れる
1527,c表外読み,B,滑る,ぬめる,なめこはその滑りが特徴だ。,滑,ぬめ,X,る
1528,c表外読み,B,委しい,くわしい,法律に委しい専門家を呼ぶ。,委,くわ,X,しい
1529,c表外読み,B,散,ばら,半端物を散売りする。,散,ばら,X,X
1530,c表外読み,B,偶,たまたま,偶買った宝くじが当たった。,偶,たまたま,X,X
1531,c表外読み,B,完う,まっとう,初心を完うするのは容易ではない。,完,まっと,X,う
1532,c表外読み,B,英,はなぶさ,英の先に蝶がとまる。,英,はなぶさ,X,X
1533,c表外読み,B,轄まる,とりしまる,署員を派遣して轄まりを強化する。,轄,とりし,X,まる
1534,c表外読み,B,雅,みやび,バレリーナが雅に舞った。,雅,みやび,X,X
1535,c表外読み,B,幼い,いとけない,幼い笑顔に心が和む。,幼,いとけな,X,い
1536,c表外読み,B,傾げる,かしげる,不可解な行動に首を傾げる。,傾,かし,X,げる
1537,c表外読み,B,寛ぐ,くつろぐ,ゆったり寛げる特等室だ。,寛,くつろ,X,ぐ
1538,c表外読み,B,拙い,まずい,新人選手の練習ぶりは実に拙い。,拙,まず,X,い
1539,c表外読み,B,挙う,こぞう,全員が挙って反対する。,挙,こぞ,X,う
1540,c表外読み,B,詳らか,つまびらか,自宅の間取りを詳らかに製図する。,詳,つまび,X,らか
1541,c表外読み,B,攻く,みがく,武力を攻いて戦闘に備える。,攻,みが,X,く
1542,c表外読み,B,薦被り,こもかぶり,薦被りが祝いを盛り上げる。,薦被,こもかぶ,X,り
1543,c表外読み,B,略,ほぼ,新校舎が略完成した。,略,ほぼ,X,X
1544,c表外読み,B,措く,おく,その話は措いておこう。,措,お,X,く
1545,c表外読み,B,徒す,あだす,徒し世を憂える。,徒,あだ,X,す
1546,c表外読み,B,誘う,いざなう,友人を演奏会へ誘った。,誘,いざな,X,う
1547,c表外読み,B,賢しい,さかしい,子どものくせに小賢しい。,賢,さか,X,しい
1548,c表外読み,B,零す,こぼす,あまりの忙しさに不満を零す。,零,こぼ,X,す
1549,c表外読み,B,認める,したためる,故郷の母に手紙を認める。,認,したた,X,める
1550,c表外読み,B,雅やか,みやびやか,芸者が雅やかな踊りを披露した。,雅,みやび,X,やか
1551,c表外読み,B,鑑みる,かんがみる,過去の歴史を鑑みて判断を下す。,鑑,かんが,X,みる
1552,c表外読み,B,能う,あたう,能う限り迅速に対応します。,能,あた,X,う
1553,c表外読み,B,斎く,いつく,死後は神として斎き奉る。,斎,いつ,X,く
1554,c表外読み,B,削ぐ,そぐ,実情を知り興味を削がれた。,削,そ,X,ぐ
1555,c表外読み,B,妊る,みごもる,三人目の子どもを妊る。,妊,みごも,X,る
1556,c表外読み,B,斑,ふ,斑入りの観葉植物に水を遣る。,斑,ふ,X,X
1557,c表外読み,B,虚ろ,うつろ,高熱を発し虚ろな目で伏せている。,虚,うつ,X,ろ
1558,c表外読み,B,審らか,つまびらか,審らかな自供を求める。,審,つまび,X,らか
1559,c表外読み,B,固より,もとより,失敗は固より覚悟の上だ。,固,もと,X,より
1560,c表外読み,B,憲,のり,師匠の教えを生き方の憲とする。,憲,のり,X,X
1561,c表外読み,B,脂,やに,脂下がったところが気に食わない。,脂,やに,X,X
1562,c表外読み,B,亜ぐ,つぐ,徹夜に亜ぐ徹夜で疲労が溜る。,亜,つ,X,ぐ
1563,c表外読み,B,腸,はらわた,後輩の無礼に腸が煮えくりかえる。,腸,はらわた,X,X
1564,c表外読み,B,枚,ひら,ひと枚の紙切れに書き留める。,枚,ひら,X,X
1565,c表外読み,B,更める,あらためる,制度を実情に即して更める。,更,あらた,X,める
1566,c表外読み,B,支える,つかえる,差し支えなければ聞かせてください。,支,つか,X,える
1567,c表外読み,B,疎か,おろそか,命を疎かにしてはならない。,疎,おろそ,X,か
1568,c表外読み,C,勲,いさお,難事業で勲を立てた。,勲,いさお,X,X
1569,c表外読み,C,克い,よい,逆境にくじけず克くやった。,克,よ,X,い
1570,c表外読み,C,細やか,ささやか,細やかな送別会が開かれた。,細,ささ,X,やか
1571,c表外読み,C,験す,ためす,いろいろな方法を験してみよう。,験,ため,X,す
1572,c表外読み,C,敏い,さとい,人一倍利に敏い。,敏,さと,X,い
1573,c表外読み,C,初,うぶ,初な学生が上京してから変貌した。,初,うぶ,X,X
1574,c表外読み,C,仕る,つかまつる,失礼仕ります。,仕,つかまつ,X,る
1575,c表外読み,C,破れる,われる,破れ鍋に綴じ蓋。,破,わ,X,れる
1576,c表外読み,C,患える,うれえる,不治の病を患える。,患,うれ,X,える
1577,c表外読み,C,諸,もろもろ,諸の事情を汲む。,諸,もろもろ,X,X
1578,c表外読み,C,精しい,くわしい,もっと精しい地図が必要だ。,精,くわ,X,しい
1579,c表外読み,C,尚ぶ,とうとぶ,清い心で神仏を尚ぶ。,尚,とうと,X,ぶ
1580,c表外読み,C,陛,きざはし,石の陛に苔がむす。,陛,きざはし,X,X
1581,c表外読み,C,寿ぐ,ことほぐ,新春を寿ぐ。,寿,ことほ,X,ぐ
1582,c表外読み,C,愛,まな,目に入れても痛くない愛娘だ。,愛,まな,X,X
1583,c表外読み,C,円かな,まどかな,円かな月を歌に詠む。,円,まど,X,かな
1584,c表外読み,C,副う,そう,ご期待に副えるよう頑張ります。,副,そ,X,う
1585,c表外読み,C,揮う,ふるう,予算削減に大鉈を揮う。,揮,ふる,X,う
1586,c表外読み,C,規す,ただす,校内の風紀を規す。,規,ただ,X,す
1587,c表外読み,C,薄,すすき,薄が高原に群生する。,薄,すすき,X,X
1588,c表外読み,C,幾ど,ほとんど,仕事は幾ど終わっている。,幾,ほとん,X,ど
1589,c表外読み,C,検める,あらためる,書類に不備がないか検める。,検,あらた,X,める
1590,c表外読み,C,企む,たくらむ,よからぬことを企んでいるな。,企,たくら,X,む
1591,c表外読み,C,太だ,はなはだ,太だ畏れ多い話だ。,太,はなは,X,だ
1592,c表外読み,C,運らせる,めぐらせる,世界情勢に考えを運らす。,運,めぐ,X,らせる
1593,c表外読み,C,歴る,へる,長い時を歴てたどり着いた。,歴,へ,X,る
1594,c表外読み,C,崇める,あがめる,救世主と崇められている。,崇,あが,X,める
1595,c表外読み,C,享ける,うける,戦乱の世に生を享ける。,享,う,X,ける
1596,c表外読み,C,識す,しるす,感激を心に識す。,識,しる,X,す
1597,c表外読み,C,迭わる,かわる,二年おきに代表者が迭わる。,迭,か,X,わる
1598,c表外読み,C,刷く,はく,慣れた手つきで角皿に漆を刷く。,刷,は,X,く
1599,c表外読み,C,煩い,うるさい,母親の小言が煩い。,煩,うるさ,X,い
1600,c表外読み,C,啓す,もうす,趣意を啓して引き下がった。,啓,もう,X,す
1601,c表外読み,C,壮ん,さかん,士気が壮んな若者だ。,壮,さか,X,ん
1602,c表外読み,C,賦,みつぎ,周辺国の君主が賦を捧げる。,賦,みつぎ,X,X
1603,c表外読み,C,谷まる,きわまる,進退ここに谷まる。,谷,きわ,X,まる
1604,c表外読み,C,淑やか,しとやか,着物を着て淑やかに振る舞う。,淑,しと,X,やか
1605,c表外読み,C,領,えり,羽織の領を外側に折る。,領,えり,X,X
1606,c表外読み,C,薫く,たく,香を薫いて疲れを癒す。,薫,た,X,く
1607,c表外読み,C,郭詞,くるわことば,ありんすは郭詞だ。,郭詞,くるわことば,X,X
1608,c表外読み,C,謀,はかりごと,夜な夜な謀をめぐらす。,謀,はかりごと,X,X
1609,c表外読み,C,故に,ことさらに,故につらく当たる。,故,ことさら,X,に
1610,c表外読み,C,遵う,したがう,法に遵って判断する。,遵,したが,X,う
1611,c表外読み,C,歯,よわい,祖父は歯百を数える。,歯,よわい,X,X
1612,c表外読み,C,校べる,くらべる,正本と副本を校べる。,校,くら,X,べる
1613,c表外読み,C,異しい,あやしい,何度見ても異しい。,異,あや,X,しい
1614,c表外読み,C,彩なす,あやなす,もみじが山々を彩なす。,彩,あや,X,なす
1615,c表外読み,C,凡て,すべて,きみの意見には凡て賛成だ。,凡,すべ,X,て
1616,c表外読み,C,形,なり,形はでかいが、まだまだ幼い。,形,なり,X,X
1617,c表外読み,C,貞しい,ただしい,動揺しない貞しい心をもつ。,貞,ただ,X,しい
1618,c表外読み,C,理,ことわり,盛者必衰の理。,理,ことわり,X,X
1619,c表外読み,C,望,もち,望の日に月を愛でつつ団子を頬張る。,望,もち,X,X
1620,c表外読み,C,幣,ぬさ,豊作を祈願して氏神に幣を供える。,幣,ぬさ,X,X
1621,c表外読み,C,卒かに,にわかに,卒かに冷たい強風が吹き荒んだ。,卒,にわ,X,かに
1622,c表外読み,C,相ける,たすける,古株の社員が若社長を傍で相ける。,相,たす,X,ける
1623,c表外読み,C,予予,かねがね,予予考えていた企みを行動に移す。,予予,かねがね,X,X
1624,c表外読み,D,項,うなじ,舞子の白い項が目に眩しい。,項,うなじ,X,X
1625,c表外読み,D,番い,つがい,十姉妹を番いで飼う。,番,つが,X,い
1626,c表外読み,D,罷り,まかり,罷り間違えば大損したかもしれない。,罷,まか,X,り
1627,c表外読み,D,労う,ねぎらう,長年の部長の苦労を労う。,労,ねぎら,X,う
1628,c表外読み,D,濃やか,こまやか,濃やかな心配りに感謝する。,濃,こま,X,やか
1629,d四字熟語,A,加持祈?,かじきとう,神仏にいのること,加持,かじ,祈?,きとう
1630,d四字熟語,A,旧套墨守,きゅうとうぼくしゅ,古い慣習を守り続けること,旧套,きゅうとう,墨守,ぼくしゅ
1631,d四字熟語,A,赤手空拳,せきしゅくうけん,助けを借りずに独りで物事に取り組むこと,赤手,せきしゅ,空拳,くうけん
1632,d四字熟語,A,杯酒解怨,はいしゅかいえん,酒をくみ交わして仲直りすること,杯酒,はいしゅ,解怨,かいえん
1633,d四字熟語,A,天佑神助,てんゆうしんじょ,思いがけない偶然のたすけ,天佑,てんゆう,神助,しんじょ
1634,d四字熟語,A,眉目秀麗,びもくしゅうれい,顔だちが美しく整っていること,眉目,びもく,秀麗,しゅうれい
1635,d四字熟語,A,草茅危言,そうぼうきげん,民間人による為政者への厳しい批判,草茅,そうぼう,危言,きげん
1636,d四字熟語,A,東窺西望,とうきせいぼう,落ち着きのないさま,東窺,とうき,西望,せいぼう
1637,d四字熟語,A,泡沫夢幻,ほうまつむげん,人生がはかないことのたとえ,泡沫,ほうまつ,夢幻,むげん
1638,d四字熟語,A,朝盈夕虚,ちょうえいせききょ,人生のはかないことのたとえ,朝盈,ちょうえい,夕虚,せききょ
1639,d四字熟語,A,波濤万里,はとうばんり,遠い外国,波濤,はとう,万里,ばんり
1640,d四字熟語,A,煩悩菩提,ぼんのうぼだい,迷いがあって初めて悟りもあること,煩悩,ぼんのう,菩提,ぼだい
1641,d四字熟語,A,披星戴月,ひせいたいげつ,朝から夜まで懸命に働くこと,披星,ひせい,戴月,たいげつ
1642,d四字熟語,A,欣求浄土,ごんぐじょうど,極楽往生を心から願うこと,欣求,ごんぐ,浄土,じょうど
1643,d四字熟語,A,不倶戴天,ふぐたいてん,非常に憎しみが深いこと,不倶,ふぐ,戴天,たいてん
1644,d四字熟語,A,温柔敦厚,おんじゅうとんこう,やさしく穏やかなこと,温柔,おんじゅう,敦厚,とんこう
1645,d四字熟語,A,猪突猛進,ちょとつもうしん,目的に向かいがむしゃらに突きすすむこと,猪突,ちょとつ,猛進,もうしん
1646,d四字熟語,A,図南鵬翼,となんほうよく,大事業を企てること,図南,となん,鵬翼,ほうよく
1647,d四字熟語,A,一世木鐸,いっせいぼくたく,世の中の指導者,一世,いっせい,木鐸,ぼくたく
1648,d四字熟語,A,前虎後狼,ぜんここうろう,次々に危難におそわれること,前虎,ぜんこ,後狼,こうろう
1649,d四字熟語,A,六菖十菊,りくしょうじゅうぎく,時期が過ぎて役に立たないこと,六菖,りくしょう,十菊,じゅうぎく
1650,d四字熟語,A,輪廻転生,りんねてんせい,生死が繰り返されるという仏教の教え,輪廻,りんね,転生,てんせい
1651,d四字熟語,A,捲土重来,けんどちょうらい,一度敗れた者が再び勢いを盛り返すこと,捲土,けんど,重来,ちょうらい
1652,d四字熟語,A,河山帯礪,かざんたいれい,永遠に変わらないこと,河山,かざん,帯礪,たいれい
1653,d四字熟語,A,行住坐臥,ぎょうじゅうざが,ふだんの立ち居振る舞い,行住,ぎょうじゅう,坐臥,ざが
1654,d四字熟語,A,臨淵羨魚,りんえんせんぎょ,望みだけでは願いはかなえられないこと,臨淵,りんえん,羨魚,せんぎょ
1655,d四字熟語,A,純真無垢,じゅんしんむく,汚れなく清らかなさま,純真,じゅんしん,無垢,むく
1656,d四字熟語,A,栄耀栄華,えいようえいが,贅沢の限りを尽くすこと,栄耀,えいよう,栄華,えいが
1657,d四字熟語,A,玩物喪志,がんぶつそうし,遊んでばかりで本業がおろそかになること,玩物,がんぶつ,喪志,そうし
1658,d四字熟語,A,金烏玉兎,きんうぎょくと,月日,金烏,きんう,玉兎,ぎょくと
1659,d四字熟語,A,朝蠅暮蚊,ちょうようぼぶん,つまらない者たちがはびこること,朝蠅,ちょうよう,暮蚊,ぼぶん
1660,d四字熟語,A,頓首再拝,とんしゅさいはい,丁重なお辞儀,頓首,とんしゅ,再拝,さいはい
1661,d四字熟語,A,麦秀黍離,ばくしゅうしょり,国の滅亡を嘆き悲しむこと,麦秀,ばくしゅう,黍離,しょり
1662,d四字熟語,A,綾羅錦?,りょうらきんしゅう,豪華な衣服のたとえ,綾羅,りょうら,錦?,きんしゅう
1663,d四字熟語,A,牽強附会,けんきょうふかい,無理にこじつけること,牽強,けんきょう,附会,ふかい
1664,d四字熟語,A,熟読玩味,じゅくどくがんみ,文章をよく考えながら読むこと,熟読,じゅくどく,玩味,がんみ
1665,d四字熟語,A,百尺竿頭,ひゃくせきかんとう,到達しうる最高点,百尺,ひゃくせき,竿頭,かんとう
1666,d四字熟語,A,点滴穿石,てんてきせんせき,微力でも努力しだいで成功するたとえ,点滴,てんてき,穿石,せんせき
1667,d四字熟語,A,蚊虻走牛,ぶんぼうそうぎゅう,ささいなことが大事件を引き起こすこと,蚊虻,ぶんぼう,走牛,そうぎゅう
1668,d四字熟語,A,名声赫赫,めいせいかくかく,よい評判が盛んなこと,名声,めいせい,赫赫,かくかく
1669,d四字熟語,A,竜章鳳姿,りゅうしょうほうし,立派で美しいさま,竜章,りゅうしょう,鳳姿,ほうし
1670,d四字熟語,A,荊妻豚児,けいさいとんじ,自分の妻子の謙遜語,荊妻,けいさい,豚児,とんじ
1671,d四字熟語,A,桃李満門,とうりまんもん,優秀な人材が集まること,桃李,とうり,満門,まんもん
1672,d四字熟語,A,多岐亡羊,たきぼうよう,選択肢が多すぎて迷うこと,多岐,たき,亡羊,ぼうよう
1673,d四字熟語,A,融通無碍,ゆうづうむげ,何ものにもとらわれずのびのびしていること,融通,ゆうづう,無碍,むげ
1674,d四字熟語,A,鳩首凝議,きゅうしゅぎょうぎ,額をつきあわせて相談すること,鳩首,きゅうしゅ,凝議,ぎょうぎ
1675,d四字熟語,A,用管窺天,ようかんきてん,見識・視野が狭いこと,用管,ようかん,窺天,きてん
1676,d四字熟語,A,盲亀浮木,もうきふぼく,出会うことが非常にむずかしいこと,盲亀,もうき,浮木,ふぼく
1677,d四字熟語,A,磨穿鉄硯,ませんてっけん,猛烈に勉強すること,磨穿,ません,鉄硯,てっけん
1678,d四字熟語,A,放蕩無頼,ほうとうぶらい,酒色におぼれて身を持ちくずすこと,放蕩,ほうとう,無頼,ぶらい
1679,d四字熟語,A,和光同塵,わこうどうじん,才能を隠して俗世間に暮らすこと,和光,わこう,同塵,どうじん
1680,d四字熟語,A,?啄同時,そったくどうじ,逃すことのできない好機,?啄,そったく,同時,どうじ
1681,d四字熟語,A,粗酒粗餐,そしゅそさん,客に出す酒食の謙遜語,粗酒,そしゅ,粗餐,そさん
1682,d四字熟語,A,氷肌玉骨,ひょうきぎょっこつ,梅の花のたとえ、麗人のこと,氷肌,ひょうき,玉骨,ぎょっこつ
1683,d四字熟語,A,甲論乙駁,こうろんおつばく,議論がまとまらないこと,甲論,こうろん,乙駁,おつばく
1684,d四字熟語,A,李下瓜田,りかかでん,疑われることはしないほうがよい,李下,りか,瓜田,かでん
1685,d四字熟語,A,嘉辰令月,かしんれいげつ,めでたい月日,嘉辰,かしん,令月,れいげつ
1686,d四字熟語,A,積善余慶,せきぜんのよけい,よい行いは子孫の幸福に反映する,積善,せきぜん,余慶,よけい
1687,d四字熟語,A,沈魚落雁,ちんぎょらくがん,絶世の美人の形容,沈魚,ちんぎょ,落雁,らくがん
1688,d四字熟語,A,麟子鳳雛,りんしほうすう,将来有望な子のたとえ,麟子,りんし,鳳雛,ほうすう
1689,d四字熟語,A,白兎赤烏,はくとせきう,月日・時間,白兎,はくと,赤烏,せきう
1690,d四字熟語,A,秋風索莫,しゅうふうさくばく,勢いが衰えものさびしいさま,秋風,しゅうふう,索莫,さくばく
1691,d四字熟語,A,只管打座,しかんたざ,ひたすらに座禅すること,只管,しかん,打座,たざ
1692,d四字熟語,A,甜言蜜語,てんげんみつご,相手を誘う甘い言葉,甜言,てんげん,蜜語,みつご
1693,d四字熟語,A,博聞彊識,はくぶんきょうしき,知識や経験が豊富であること,博聞,はくぶん,彊識,きょうしき
1694,d四字熟語,A,夜郎自大,やろうじだい,自分の力を過信して横柄な態度をとること,夜郎,やろう,自大,じだい
1695,d四字熟語,A,画虎類狗,がこるいく,凡人が優れた者のまねをして失敗すること,画虎,がこ,類狗,るいく
1696,d四字熟語,A,門前雀羅,もんぜんじゃくら,訪問客もなくさびれ果てた様子,門前,もんぜん,雀羅,じゃくら
1697,d四字熟語,A,文質彬彬,ぶんしつひんぴん,外見と内面が調和していること,文質,ぶんしつ,彬彬,ひんぴん
1698,d四字熟語,A,内股膏薬,うちまたこうやく,自分の意志がなく態度が一定しないこと,内股,うちまた,膏薬,こうやく
1699,d四字熟語,A,確乎不抜,かっこふばつ,強固な意志で動じないこと,確乎,かっこ,不抜,ふばつ
1700,d四字熟語,A,清濁併?,せいだくへいどん,度量が広いこと,清濁,せいだく,併?,へいどん
1701,d四字熟語,A,陶犬瓦鶏,とうけんがけい,外見ばかり立派で役に立たないたとえ,陶犬,とうけん,瓦鶏,がけい
1702,d四字熟語,A,兎角亀毛,とかくきもう,世の中にありえないもののたとえ,兎角,とかく,亀毛,きもう
1703,d四字熟語,A,情緒纏綿,じょうしょてんめん,感情がまつわりついて離れないさま,情緒,じょうしょ,纏綿,てんめん
1704,d四字熟語,A,凄凄切切,せいせいせつせつ,非常にものさびしいさま,凄凄,せいせい,切切,せつせつ
1705,d四字熟語,A,張三李四,ちょうさんりし,ごくありふれた平凡な人,張三,ちょうさん,李四,りし
1706,d四字熟語,A,一碧万頃,いっぺきばんけい,限りなく広々としたさま,一碧,いっぺき,万頃,ばんけい
1707,d四字熟語,A,通暁暢達,つうぎょうちょうたつ,物事に深く通じて、伸びやかである様子,通暁,つうぎょう,暢達,ちょうたつ
1708,d四字熟語,A,古色蒼然,こしょくそうぜん,古めかしくおもむきあるさま,古色,こしょく,蒼然,そうぜん
1709,d四字熟語,A,釜底抽薪,ふていちゅうしん,根本の原因を取り除くこと,釜底,ふてい,抽薪,ちゅうしん
1710,d四字熟語,A,羊質虎皮,ようしつこひ,外見だけで中身が伴わないこと,羊質,ようしつ,虎皮,こひ
1711,d四字熟語,A,剛毅果断,ごうきかだん,意志が強く決断力があること,剛毅,ごうき,果断,かだん
1712,d四字熟語,A,自家撞着,じかどうちゃく,言動に矛盾があること,自家,じか,撞着,どうちゃく
1713,d四字熟語,A,朝秦暮楚,ちょうしんかだん,常に変わり一定しないことのたとえ,朝秦,ちょうしん,暮楚,ぼそ
1714,d四字熟語,A,?食瓢飲,たんしひょういん,清貧に甘んじることのたとえ,?食,たんし,瓢飲,ひょういん
1715,d四字熟語,A,曲学阿世,きょくがくあせい,真理をまげた説を唱えて時勢に迎合すること,曲学,きょくがく,阿世,あせい
1716,d四字熟語,A,玉砕瓦全,ぎょくさいがぜん,誉れを貴び死ぬことと何もなさずに生きること,玉砕,ぎょくさい,瓦全,がぜん
1717,d四字熟語,A,刑鞭蒲朽,けいべんほきゅう,平和であるたとえ,刑鞭,けいべん,蒲朽,ほきゅう
1718,d四字熟語,A,鉤縄規矩,こうじょうきく,物事の基準・法則,鉤縄,こうじょう,規矩,きく
1719,d四字熟語,A,凋氷画脂,ちょうひょうがし,役に立たないことに力を注ぐことのたとえ,凋氷,ちょうひょう,画脂,がし
1720,d四字熟語,A,阿附迎合,あふげいごう,人に取り入ること,阿附,あふ,迎合,げいごう
1721,d四字熟語,A,蚕食鯨?,さんしょくげいどん,大国が小国を侵略していくこと,蚕食,さんしょく,鯨?,げいどん
1722,d四字熟語,A,梅妻鶴子,ばいさいかくし,俗世から離れて雅やかな生活をするたとえ,梅妻,ばいさい,鶴子,かくし
1723,d四字熟語,B,気息奄奄,きそくえんえん,今にも死にそうな様子,気息,きそく,奄奄,えんえん
1724,d四字熟語,B,九鼎大呂,きゅうていたいりょ,貴重なもの。重い地位・名声のたとえ,九鼎,きゅうてい,大呂,たいりょ
1725,d四字熟語,B,容貌魁偉,ようぼうかいい,顔や体つきが立派なさま,容貌,ようぼう,魁偉,かいい
1726,d四字熟語,B,臥薪嘗胆,がしんしょうたん,目的達成のために長い間苦労を重ねる,臥薪,がしん,嘗胆,しょうたん
1727,d四字熟語,B,膏火自煎,こうかじせん,才能がかえって災いを招くたとえ,膏火,こうか,自煎,じせん
1728,d四字熟語,B,剃髪落飾,ていはつらくしょく,髪を剃って仏門に入ること,剃髪,ていはつ,落飾,らくしょく
1729,d四字熟語,B,周章狼狽,しゅうしょうろうばい,思いがけずあわてふためくこと,周章,しゅうしょう,狼狽,ろうばい
1730,d四字熟語,B,阿鼻叫喚,あびきょうかん,非常にむごたらしい状態のたとえ,阿鼻,あび,叫喚,きょうかん
1731,d四字熟語,B,欣喜雀躍,きんきじゃくやく,小おどりして喜ぶさま,欣喜,きんき,雀躍,じゃくやく
1732,d四字熟語,B,冶金踊躍,やきんようやく,自分の立場に満足していないこと,冶金,やきん,踊躍,ようやく
1733,d四字熟語,B,粟散辺地,ぞくさんへんち,世界の果ての小さな国,粟散,ぞくさん,辺地,へんち
1734,d四字熟語,B,碧血丹心,へきけつたんしん,これ以上ないまごころ,碧血,へきけつ,丹心,たんしん
1735,d四字熟語,B,坐臥行歩,ざがこうほ,立ち居振る舞い,坐臥,ざが,行歩,こうほ
1736,d四字熟語,B,落筆点蠅,らくひつてんよう,失敗をうまくとりつくろうこと,落筆,らくひつ,点蠅,てんよう
1737,d四字熟語,B,鱗次櫛比,りんじしっぴ,すきまなくびっしり並ぶさま,鱗次,りんじ,櫛比,しっぴ
1738,d四字熟語,B,終南捷径,しゅうなんのしょうけい,正規の段階をふまず官職に就く方法,終南,しゅうなん,捷径,しょうけい
1739,d四字熟語,B,錦心?口,きんしんしゅうこう,詩文の才能にすぐれていること,錦心,きんしん,?口,しゅうこう
1740,d四字熟語,B,迦陵頻伽,かりょうびんが,美声のたとえ,迦陵,かりょう,頻伽,びんが
1741,d四字熟語,B,稲麻竹葦,とうまちくい,多くのものが群がり入り乱れているさま,稲麻,とうま,竹葦,ちくい
1742,d四字熟語,B,雲竜井蛙,うんりゅうせいあ,地位・身分の差がはなはだしいたとえ,雲竜,うんりゅう,井蛙,せいあ
1743,d四字熟語,B,亡羊補牢,ぼうようほろう,あとの祭りのたとえ,亡羊,ぼうよう,補牢,ほろう
1744,d四字熟語,B,狐狸妖怪,こりようかい,悪事を働く化け物,狐狸,こり,妖怪,ようかい
1745,d四字熟語,B,活?生?,かっぱくせいどん,他人の文などを盗むこと,活?,かっぱく,生?,せいどん
1746,d四字熟語,B,獅子奮迅,ししふんじん,激しい勢い,獅子,しし,奮迅,ふんじん
1747,d四字熟語,B,屋梁落月,おくりょうらくげつ,友を思う切な心,屋梁,おくりょう,落月,らくげつ
1748,d四字熟語,B,虚心坦懐,きょしんたんかい,心にわだかまりがなくおおらかなさま,虚心,きょしん,坦懐,たんかい
1749,d四字熟語,B,梓匠輪輿,ししょうりんよ,大工と車を作る職人,梓匠,ししょう,輪輿,りんよ
1750,d四字熟語,B,嵐影湖光,らんえいここう,美しい山水の風景の形容,嵐影,らんえい,湖光,ここう
1751,d四字熟語,B,魚網鴻離,ぎょもうこうり,求めたものと違うものが得られること,魚網,ぎょもう,鴻離,こうり
1752,d四字熟語,B,黄塵万丈,こうじんばんじょう,土煙が高く舞い上がるさま,黄塵,こうじん,万丈,ばんじょう
1753,d四字熟語,B,三者鼎談,さんしゃていだん,三人で話し合うこと,三者,さんしゃ,鼎談,ていだん
1754,d四字熟語,B,尭風舜雨,ぎょうふうしゅんう,太平の世の中を形容する語,尭風,ぎょうふう,舜雨,しゅんう
1755,d四字熟語,B,閑雲野鶴,かんうんやかく,何の束縛もなくのんびり暮らすこと,閑雲,かんうん,野鶴,やかく
1756,d四字熟語,B,魚目燕石,ぎょもくえんせき,本物そっくりのにせもの,魚目,ぎょもく,燕石,えんせき
1757,d四字熟語,B,街談巷説,がいだんこうせつ,世間のつまらないうわさ話,街談,がいだん,巷説,こうせつ
1758,d四字熟語,B,規矩準縄,きくじゅんじょう,物事の基準・法則,規矩,きく,準縄,じゅんじょう
1759,d四字熟語,B,鶏鳴狗盗,けいめいくとう,つまらないことでも何かの役に立つ,鶏鳴,けいめい,狗盗,くとう
1760,d四字熟語,B,長鞭馬腹,ちょうべんばふく,大きすぎて逆に役に立たないことのたとえ,長鞭,ちょうべん,馬腹,ばふく
1761,d四字熟語,B,卿相雲客,けいしょううんかく,身分の高い人,卿相,けいしょう,雲客,うんかく
1762,d四字熟語,B,円木警枕,えんぼくのけいちん,苦労して勉学にはげむこと,円木,えんぼく,警枕,けいちん
1763,d四字熟語,B,雄心勃勃,ゆうしんぼつぼつ,勇気がふつふつとわいてくるさま,雄心,ゆうしん,勃勃,ぼつぼつ
1764,d四字熟語,B,鎧袖一触,がいしゅういっしょく,相手を簡単に打ち負かすこと,鎧袖,がいしゅう,一触,いっしょく
1765,d四字熟語,B,芝蘭玉樹,しらんぎょくじゅ,優れた人材,芝蘭,しらん,玉樹,ぎょくじゅ
1766,d四字熟語,B,一虚一盈,いっきょいちえい,常に変化して測りがたいことのたとえ,一虚,いちえい,一盈,いちえい
1767,d四字熟語,B,竹頭木屑,ちくとうぼくせつ,つまらぬ物でも後で役立つことがある,竹頭,ちくとう,木屑,ぼくせつ
1768,d四字熟語,B,不失正鵠,ふしつせいこく,物事の要点を的確にとらえること,不失,ふしつ,正鵠,せいこく
1769,d四字熟語,B,旭日昇天,きょくじつしょうてん,極めて勢いが盛んなこと,旭日,きょくじつ,昇天,しょうてん
1770,d四字熟語,B,魯魚章草,ろぎょしょうそう,字の書き間違い,魯魚,ろぎょ,章草,しょうそう
1771,d四字熟語,B,杜撰脱漏,ずさんだつろう,著述などが粗末で誤りが多いこと,杜撰,ずさん,脱漏,だつろう
1772,d四字熟語,B,妖言惑衆,ようげんわくしゅう,あやしい言葉で人をまどわすこと,妖言,ようげん,惑衆,わくしゅう
1773,d四字熟語,B,廓然大公,かくぜんたいこう,わだかまりがなく心がひろいさま,廓然,かくぜん,大公,たいこう
1774,d四字熟語,B,賢明愚昧,けんめいぐまい,かしこいことと道理にくらいこと,賢明,けんめい,愚昧,ぐまい
1775,d四字熟語,B,鳶飛魚躍,えんぴぎょやく,自然の摂理に従い自ら楽しみを得ること,鳶飛,えんぴ,魚躍,ぎょやく
1776,d四字熟語,B,鷹視狼歩,ようしろうほ,猛々しく欲深い人のたとえ,鷹視,ようし,狼歩,ろうほ
1777,d四字熟語,B,桑田碧海,そうでんへきかい,世の中の変化が激しいこと,桑田,そうでん,碧海,へきかい
1778,d四字熟語,B,体貌閑雅,たいぼうかんが,容姿が上品でみやびやかなさま,体貌,たいぼう,閑雅,かんが
1779,d四字熟語,C,一張一弛,いっちょういっし,人に対し厳しくしたり寛大にしたりすること,一張,いっちょう,一弛,いっし
1780,d四字熟語,C,四面楚歌,しめんそか,敵に囲まれて、助けがない様子,四面,しめん,楚歌,そか
1781,d四字熟語,C,抜山蓋世,ばつざんがいせい,威勢がよく勇ましいこと,抜山,ばつざん,蓋世,がいせい
1782,d四字熟語,C,美酒佳肴,びしゅかこう,豪華なごちそうのこと,美酒,びしゅ,佳肴,かこう
1783,d四字熟語,C,孟母断機,もうぼだんき,何ごとも途中でやめては何にもならない,孟母,もうぼ,断機,だんき
1784,d四字熟語,C,抜本塞源,ばっぽんそくげん,災いの原因をもとから取り除くこと,抜本,ばっぽん,塞源,そくげん
1785,d四字熟語,C,参差錯落,しんしさくらく,長短ふぞろいな物が入り混じる様子,参差,しんし,錯落,さくらく
1786,d四字熟語,C,碧落一洗,へきらくいっせん,空が晴れ渡る様子,碧落,へきらく,一洗,いっせん
1787,d四字熟語,C,菟糸燕麦,としえんばく,役に立たないもの,菟糸,とし,燕麦,えんばく
1788,d四字熟語,C,鳴?潔肌,めいせんけっき,気高い者はどんな時も信念を変えない,鳴?,めいせん,潔肌,けっき
1789,d四字熟語,C,首鼠両端,しゅそりょうたん,迷っていて決心がつかないこと,首鼠,しゅそ,両端,りょうたん
1790,d四字熟語,C,含飴弄孫,がんいろうそん,気楽に隠居生活を送ること,含飴,がんい,弄孫,ろうそん
1791,d四字熟語,C,矛盾撞着,むじゅんどうちゃく,つじつまが合わないこと,矛盾,むじゅん,撞着,どうちゃく
1792,d四字熟語,C,長汀曲浦,ちょうていきょくほ,長く続いている海岸線,長汀,ちょうてい,曲浦,きょくほ
1793,d四字熟語,C,凋零磨滅,ちょうれいまめつ,しぼみ落ちてなくなること,凋零,ちょうれい,磨滅,まめつ
1794,d四字熟語,C,兎死狗烹,としくほう,利用価値がなくなった者は捨てられる運命にあること,兎死,とし,狗烹,くほう
1795,d四字熟語,C,釈根灌枝,しゃくこんかんし,物事の根底を忘れること,釈根,しゃくこん,灌枝,かんし
1796,d四字熟語,C,良禽択木,りょうきんたくぼく,よく吟味してから仕える主人を選ぶべきであること,良禽,りょうきん,択木,たくぼく
1797,d四字熟語,C,孟仲叔季,もうちゅうしゅくき,兄弟姉妹の長子・次子などの順,孟仲,もうちゅう,叔季,しゅくき
1798,d四字熟語,C,烏飛兎走,うひとそう,年月が慌ただしく過ぎること,烏飛,うひ,兎走,とそう
1799,d四字熟語,C,竜跳虎臥,りょうちょうこが,筆勢が自由自在で見事なたとえ,竜跳,りょうちょう,虎臥,こが
1800,d四字熟語,C,秋風落漠,しゅうふうらくばく,盛んだったものが衰える様子,秋風,しゅうふう,落漠,らくばく
1801,d四字熟語,C,採薪汲水,さいしんきゅうすい,質素な生活を送ること,採薪,さいしん,汲水,きゅうすい
1802,d四字熟語,C,捧腹絶倒,ほうふくぜっとう,ひっくり返るほど笑い崩れること,捧腹,ほうふく,絶倒,ぜっとう
1803,d四字熟語,C,永劫回帰,えいごうかいき,同じことが無限に繰り返されるたとえ,永劫,えいごう,回帰,かいき
1804,d四字熟語,C,勤倹力行,きんけんりっこう,仕事に励み、懸命に骨を折ること,勤倹,きんけん,力行,りっこう
1805,d四字熟語,C,運否天賦,うんぷてんぷ,自分の運命を天に任せること,運否,うんぷ,天賦,てんぷ
1806,d四字熟語,C,破綻百出,はたんひゃくしゅつ,いい加減な言動で、ほころびが出ること,破綻,はたん,百出,ひゃくしゅつ
1807,d四字熟語,C,克己復礼,こっきふくれい,私欲に打ち勝ち、礼儀を弁えること,克己,こっき,復礼,ふくれい
1808,d四字熟語,D,哀毀骨立,あいきこつりつ,非常に悲しんでいる様子,哀毀,あいき,骨立,こつりつ
1809,d四字熟語,D,愛及屋烏,あいきゅうおくう,愛情が深いことのたとえ,愛及,あいきゅう,屋烏,おくう
1810,d四字熟語,D,哀鴻遍野,あいこうへんや,戦争によって追われた兵士や難民が多くいるさま,哀鴻,あいこう,遍野,へんや
1811,d四字熟語,D,曖昧模糊,あいまいもこ,ぼんやりしていて、はっきりしない様子,曖昧,あいまい,模糊,もこ
1812,d四字熟語,D,握髪吐哺,あくはつとほ,優秀な人材を熱心に探し求める様子,握髪,あくはつ,吐哺,とほ
1813,d四字熟語,D,浅瀬仇波,あさせあだなみ,考えが浅い人は、ささいな事にも騒ぎ立てることのたとえ,浅瀬,あさせ,仇波,あだなみ
1814,d四字熟語,D,按甲休兵,あんこうきゅうへい,武装を解除して戦いを終わらせること,按甲,あんこう,休兵,きゅうへい
1815,d四字熟語,D,安車蒲輪,あんしゃほりん,老人を大事にすること,安車,あんしゃ,蒲輪,ほりん
1816,d四字熟語,D,暗箭傷人,あんせんしょうじん,隠れて人を誹謗したり中傷したりすること,暗箭,あんせん,傷人,しょうじん
1817,d四字熟語,D,衣錦還郷,いきんかんきょう,出世して故郷に帰ること,衣錦,いきん,還郷,かんきょう
1818,d四字熟語,D,衣?夜行,いしゅうやこう,出世しても故郷に帰らなければ人に知られないことのたとえ,衣?,いしゅう,夜行,やこう
1819,d四字熟語,D,一壺千金,いっこせんきん,価値がないものでも場合によっては極めて高い価値をもつこと,一壺,いっこ,千金,せんきん
1820,d四字熟語,D,意馬心猿,いばしんえん,煩悩のせいで混乱して落ち着きがないこと,意馬,いば,心猿,しんえん
1821,d四字熟語,D,允文允武,いんぶんいんぶ,学問と武芸ともに優れていること,允文,いんぶん,允武,いんぶ
1822,d四字熟語,D,有耶無耶,うやむや,はっきりしない様子。いい加減な様子,有耶,うや,無耶,むや
1823,d四字熟語,D,雲集霧散,うんしゅうむさん,たくさんものが集まったり散ったりすること,雲集,うんしゅう,霧散,むさん
1824,d四字熟語,D,易姓革命,えきせいかくめい,中国の政治思想で、王朝の交代のこと,易姓,えきせい,革命,かくめい
1825,d四字熟語,D,掩耳盗鐘,えんじとうしょう,浅い考えで、自分を偽り悪事をはたらくこと,掩耳,えんじ,盗鐘,とうしょう
1826,d四字熟語,D,鳶目兎耳,えんもくとじ,物事がよく見える目と、他人の隠し事を聞き出す耳のこと,鳶目,えんもく,兎耳,とじ
1827,d四字熟語,D,横説竪説,おうせつじゅせつ,自在に物事を論じること,横説,おうせつ,竪説,じゅせつ
1828,d四字熟語,D,椀飯振舞,おうばんぶるまい,気前よく人に振る舞うこと,椀飯,おうばん,振舞,ぶるまい
1829,d四字熟語,D,蓋棺事定,がいかんじてい,人の値打ちは死んでからはじめて定まるということ,蓋棺,がいかん,事定,じてい
1830,d四字熟語,D,格物致知,かくぶつちち,物事の本質を深く理解して、知見を広めること,格物,かくぶつ,致知,ちち
1831,d四字熟語,D,河図洛書,かとらくしょ,希少な図書のこと,河図,かと,洛書,らくしょ
1832,d四字熟語,D,瓦釜雷鳴,がふらいめい,分不相応な地位についた者が他人に威張り散らすこと,瓦釜,がふ,雷鳴,らいめい
1833,d四字熟語,D,瓜剖豆分,かぼうとうぶん,国などが小さく分裂すること,瓜剖,かぼう,豆分,とうぶん
1834,d四字熟語,D,換骨奪胎,かんこつだったい,他人の作った文の趣意に沿いながらも独自の表現を加えること,換骨,かんこつ,奪胎,だったい
1835,d四字熟語,D,管中窺豹,かんちゅうきひょう,物事の本質を見通す力が弱いこと,管中,かんちゅう,窺豹,きひょう
1836,d四字熟語,D,冠履?倒,かんりてんとう,地位や物の価値の順番が逆になるなどして乱れること,冠履,かんり,?倒,てんとう
1837,d四字熟語,D,規行矩歩,きこうくほ,行いや心がきちんとしていて正しいこと,規行,きこう,矩歩,くほ
1838,d四字熟語,D,気骨稜稜,きこつりょうりょう,自分の信念を貫く様子,気骨,きこつ,稜稜,りょうりょう
1839,d四字熟語,D,橘井杏林,きっせいきょうりん,医者にする敬称,橘井,きっせい,杏林,きょうりん
1840,d四字熟語,D,鬼斧神工,きふしんこう,非常に優れた作品のこと,鬼斧,きふ,神工,しんこう
1841,d四字熟語,D,脚下照顧,きゃっかしょうこ,自分自身をかえりみたり身近なことに注意すべきという教え,脚下,きゃっか,照顧,しょうこ
1842,d四字熟語,D,泣血漣如,きゅうけつれんじょ,深く悲しみ涙が止まらない様子,泣血,きゅうけつ,漣如,れんじょ
1843,d四字熟語,D,鳩首協議,きゅうしゅきょうぎ,人々が寄り集まって相談すること,鳩首,きゅうしゅ,協議,きょうぎ
1844,d四字熟語,D,僑軍孤進,きょうぐんこしん,他からの助けがなく一人だけで戦うこと,僑軍,きょうぐん,孤進,こしん
1845,d四字熟語,D,尭鼓舜木,ぎょうこしゅんぼく,他人からの戒めによく耳を傾けること,尭鼓,ぎょうこ,舜木,しゅんぼく
1846,d四字熟語,D,教唆煽動,きょうさせんどう,他人をそそのかして、あおり立てること,教唆,きょうさ,煽動,せんどう
1847,d四字熟語,D,彊食自愛,きょうしょくじあい,しっかりと食事をとって体を大事にすること,彊食,きょうしょく,自愛,じあい
1848,d四字熟語,D,尭年舜日,ぎょうねんしゅんじつ,世の中が平和で穏やかなこと,尭年,ぎょうねん,舜日,しゅんじつ
1849,d四字熟語,D,勤倹尚武,きんけんしょうぶ,勤勉で質素につとめ、武事を重んじること,勤倹,きんけん,尚武,しょうぶ
1850,d四字熟語,D,錦上添花,きんじょうてんか,美しいものに、それにも増して美しいものを加えること,錦上,きんじょう,添花,てんか
1851,d四字熟語,D,金声玉振,きんせいぎょくしん,立派な人物として成功すること,金声,きんせい,玉振,ぎょくしん
1852,d四字熟語,D,九品蓮台,くほんれんだい,極楽浄土にあるといわれる蓮の葉の台,九品,くほん,蓮台,れんだい
1853,d四字熟語,D,桂林一枝,けいりんいっし,卓越した人物のこと,桂林,けいりん,一枝,いっし
1854,d四字熟語,D,牽衣頓足,けんいとんそく,つらく悲しい別れを惜しむ様子,牽衣,けんい,頓足,とんそく
1855,d四字熟語,D,懸崖撒手,けんがいさっしゅ,勇気を出して思い切って実行すること,懸崖,けんがい,撒手,さっしゅ
1856,d四字熟語,D,犬牙相制,けんがそうせい,隣国との国境が複雑に入り組んで互いに牽制しあう様子,犬牙,けんが,相制,そうせい
1857,d四字熟語,D,剣戟森森,けんげきしんしん,気性が激しい様子,剣戟,けんげき,森森,しんしん
1858,d四字熟語,D,光陰如箭,こういんじょせん,歳月の過ぎるのが速い様子,光陰,こういん,如箭,じょせん
1859,d四字熟語,D,口角飛沫,こうかくひまつ,激しく議論を戦わせること,口角,こうかく,飛沫,ひまつ
1860,d四字熟語,D,傲岸不遜,ごうがんふそん,おごりたかぶって、へりくだる気持ちがない様子,傲岸,ごうがん,不遜,ふそん
1861,d四字熟語,D,綱紀粛正,こうきしゅくせい,乱れた規律を正し、不正をなくすこと,綱紀,こうき,粛正,しゅくせい
1862,d四字熟語,D,光彩陸離,こうさいりくり,光彩が入り乱れて美しい様子,光彩,こうさい,陸離,りくり
1863,d四字熟語,D,孔席墨突,こうせきぼくとつ,物事に注力して休む暇のない様子,孔席,こうせき,墨突,ぼくとつ
1864,d四字熟語,D,宏大無辺,こうだいむへん,広く果てしないこと,宏大,こうだい,無辺,むへん
1865,d四字熟語,D,孝悌忠信,こうていちゅうしん,目上の人に尽くして仕えること,孝悌,こうてい,忠信,ちゅうしん
1866,d四字熟語,D,香美脆味,こうびぜいみ,贅沢で立派な食事のたとえ,香美,こうび,脆味,ぜいみ
1867,d四字熟語,D,紅毛碧眼,こうもうへきがん,西洋人のこと,紅毛,こうもう,碧眼,へきがん
1868,d四字熟語,D,光禄池台,こうろくのちだい,広くて立派な家のたとえ,光禄,こうろく,池台,ちだい
1869,d四字熟語,D,五穀豊穣,ごこくほうじょう,穀物が豊かに実る様子,五穀,ごこく,豊穣,ほうじょう
1870,d四字熟語,D,歳寒松柏,さいかんのしょうはく,不運な境遇にも打ち勝ち、志を曲げないこと,歳寒,さいかん,松柏,しょうはく
1871,d四字熟語,D,才子佳人,さいしかじん,立派な男女のこと,才子,さいし,佳人,かじん
1872,d四字熟語,D,山河襟帯,さんがきんたい,天然の地形を生かした堅固な要塞のこと,山河,さんが,襟帯,きんたい
1873,d四字熟語,D,三者鼎立,さんしゃていりつ,三者が互いに向かい合って立つ様子,三者,さんしゃ,鼎立,ていりつ
1874,d四字熟語,D,三十而立,さんじゅうじりつ,三十歳で自信をつけ、自分の学問を確立すること,三十,さんじゅう,而立,じりつ
1875,d四字熟語,D,自家薬籠,じかやくろう,自分の手中にあるもの,自家,じか,薬籠,やくろう
1876,d四字熟語,D,師資相承,ししそうしょう,師匠の教えを弟子に受け継いでいくこと,師資,しし,相承,そうしょう
1877,d四字熟語,D,死屍累累,ししるいるい,死体が重なりあっている残酷な様子,死屍,しし,累累,るいるい
1878,d四字熟語,D,悉皆成仏,しっかいじょうぶつ,ありとあらゆるものが成仏すること,悉皆,しっかい,成仏,じょうぶつ
1879,d四字熟語,D,漆身?炭,しっしんどんたん,恨みを晴らすため大変に苦しい思いをすること,漆身,しっしん,?炭,どんたん
1880,d四字熟語,D,自然法爾,じねんほうに,人の手を加えず、ありのままに任せること,自然,じねん,法爾,ほうに
1881,d四字熟語,D,子墨客卿,しぼくかくけい,詩文を作る人のこと,子墨,しぼく,客卿,かくけい
1882,d四字熟語,D,社燕秋鴻,しゃえんしゅうこう,出会って間もなく別れること,社燕,しゃえん,秋鴻,しゅうこう
1883,d四字熟語,D,寂滅為楽,じゃくめついらく,迷いから解き放たれた先に真の安楽があるということ,寂滅,じゃくめつ,為楽,いらく
1884,d四字熟語,D,車載斗量,しゃさいとりょう,非常に数が多いこと,車載,しゃさい,斗量,とりょう
1885,d四字熟語,D,羞花閉月,しゅうかへいげつ,容姿が美しい女性のたとえ,羞花,しゅうか,閉月,へいげつ
1886,d四字熟語,D,守株待兎,しゅしゅたいと,古い慣習に固執して融通が利かないこと,守株,しゅしゅ,待兎,たいと
1887,d四字熟語,D,出処進退,しゅっしょしんたい,続けるか辞めるかという身の処し方,出処,しゅっしょ,進退,しんたい
1888,d四字熟語,D,純情可憐,じゅんじょうかれん,素直で飾り気がなく、かわいらしいこと,純情,じゅんじょう,可憐,かれん
1889,d四字熟語,D,掌中之珠,しょうちゅうのたま,自分にとって最も大切なもののこと,掌中,しょうちゅう,之珠,のたま
1890,d四字熟語,D,常套手段,じょうとうしゅだん,いつも決まって使う方法,常套,じょうとう,手段,しゅだん
1891,d四字熟語,D,唇歯輔車,しんしほしゃ,互いに密接な関係にあること,唇歯,しんし,輔車,ほしゃ
1892,d四字熟語,D,身体髪膚,しんたいはっぷ,人間の体全体のこと,身体,しんたい,髪膚,はっぷ
1893,d四字熟語,D,水滴石穿,すいてきせきせん,小さな力でも集まると非常に大きな力になるということ,水滴,すいてき,石穿,せきせん
1894,d四字熟語,D,水天一碧,すいてんいっぺき,海と空が一続きになって、青々としていること,水天,すいてん,一碧,いっぺき
1895,d四字熟語,D,推本遡源,すいほんそげん,物事の本質を追い求めること,推本,すいほん,遡源,そげん
1896,d四字熟語,D,趨炎附熱,すうえんふねつ,時の権力者に服従すること,趨炎,すうえん,附熱,ふねつ
1897,d四字熟語,D,精衛?海,せいえいてんかい,不可能なことを計画し、失敗して無駄になること,精衛,せいえい,?海,てんかい
1898,d四字熟語,D,西施捧心,せいしほうしん,病気に苦しむ美しい女性のたとえ,西施,せいし,捧心,ほうしん
1899,d四字熟語,D,西戎東夷,せいじゅうとうい,西方と東方の異民族,西戎,せいじゅう,東夷,とうい
1900,d四字熟語,D,碩学大儒,せきがくたいじゅ,学問の真理を究めた偉大な学者のたとえ,碩学,せきがく,大儒,たいじゅ
1901,d四字熟語,D,尺短寸長,せきたんすんちょう,優れた人にも欠点があり、また劣っている人にも長所があること,尺短,せきたん,寸長,すんちょう
1902,d四字熟語,D,尺璧非宝,せきへきひほう,時間は非常に大切であるという教え,尺璧,せきへき,非宝,ひほう
1903,d四字熟語,D,浅酌低唱,せんしゃくていしょう,ほどよく酒を飲んで、低い声で歌うこと,浅酌,せんしゃく,低唱,ていしょう
1904,d四字熟語,D,千射万箭,せんしゃばんせん,一つのことも、いい加減にしてはいけないという教え,千射,せんしゃ,万箭,ばんせん
1905,d四字熟語,D,禅譲放伐,ぜんじょうほうばつ,古代中国で行われた主朝交代の方式,禅譲,ぜんじょう,放伐,ほうばつ
1906,d四字熟語,D,栴檀双葉,せんだんのふたば,立派な人物は幼少のころより優れているということ,栴檀,せんだん,双葉,ふたば
1907,d四字熟語,D,千編一律,せんぺんいちりつ,平凡で面白みのないこと,千編,せんぺん,一律,いちりつ
1908,d四字熟語,D,桑弧蓬矢,そうこほうし,男子が志を立てること,桑弧,そうこ,蓬矢,ほうし
1909,d四字熟語,D,曾参歌声,そうしんのかせい,貧しくても気高く生きること,曾参,そうしん,歌声,かせい
1910,d四字熟語,D,聡明叡知,そうめいえいち,聖人がもつという四つの徳。優れた才能の持ち主,聡明,そうめい,叡知,えいち
1911,d四字熟語,D,楚越同舟,そえつどうしゅう,仲の悪い者が、共に一つの場所にいること,楚越,そえつ,同舟,どうしゅう
1912,d四字熟語,D,楚材晋用,そざいしんよう,他のところにいる人材を、重要な地位に取り立てて使うこと,楚材,そざい,晋用,しんよう
1913,d四字熟語,D,断簡零墨,だんかんれいぼく,ちょっと書いたものの切れ端,断簡,だんかん,零墨,れいぼく
1914,d四字熟語,D,断章取義,だんしょうしゅぎ,他人の文の一部を切り取って都合よく使うこと,断章,だんしょう,取義,しゅぎ
1915,d四字熟語,D,耽美主義,たんびしゅぎ,理性ではなく美を重視する世界観,耽美,たんび,主義,しゅぎ
1916,d四字熟語,D,知小謀大,ちしょうぼうだい,知力が乏しいにもかかわらず大きな計画を立てること,知小,ちしょう,謀大,ぼうだい
1917,d四字熟語,D,朝穿暮塞,ちょうせんぼそく,建物を頻繁に壊したり、作ったりする様子,朝穿,ちょうせん,暮塞,ぼそく
1918,d四字熟語,D,直言極諫,ちょくげんきょっかん,自分の信ずるところを遠慮なく目上の人に忠告すること,直言,ちょくげん,極諫,きょっかん
1919,d四字熟語,D,通儒碩学,つうじゅせきがく,学問の真理を究めた偉大な学者のたとえ,通儒,つうじゅ,碩学,せきがく
1920,d四字熟語,D,鉄網珊瑚,てつもうさんご,優れた人や物を探し求めること,鉄網,てつもう,珊瑚,さんご
1921,d四字熟語,D,電光雷轟,でんこうらいごう,勢いが激しい様子,電光,でんこう,雷轟,らいごう
1922,d四字熟語,D,天長地久,てんちょうちきゅう,天地はいつまでも変わらないで、あり続けること,天長,てんちょう,地久,ちきゅう
1923,d四字熟語,D,同床異夢,どうしょういむ,同じ立場にあっても、考えや目指すものが違うこと,同床,どうしょう,異夢,いむ
1924,d四字熟語,D,動静云為,どうせいうんい,言葉と行い,動静,どうせい,云為,うんい
1925,d四字熟語,D,党同伐異,とうどうばつい,物事の道筋と関係なく仲間に味方しそれ以外の者を攻撃すること,党同,とうどう,伐異,ばつい
1926,d四字熟語,D,同病相憐,どうびょうそうれん,同じ病気に苦しんでいる人が、互いに同情しあうこと,同病,どうびょう,相憐,そうれん
1927,d四字熟語,D,豆剖瓜分,とうぼうかぶん,まとまっていたものが、複数に分かれること,豆剖,とうぼう,瓜分,かぶん
1928,d四字熟語,D,斗折蛇行,とせつだこう,道や川が曲がりくねっている様子,斗折,とせつ,蛇行,だこう
1929,d四字熟語,D,斗粟尺布,とぞくしゃくふ,兄弟の仲が悪いこと,斗粟,とぞく,尺布,しゃくふ
1930,d四字熟語,D,途方途轍,とほうとてつ,筋道。道理,途方,とほう,途轍,とてつ
1931,d四字熟語,D,吐哺捉髪,とほそくはつ,優秀な人材を熱心に探し求める様子,吐哺,とほ,捉髪,そくはつ
1932,d四字熟語,D,忍気?声,にんきどんせい,怒りを抑えて声に出さないこと,忍気,にんき,?声,どんせい
1933,d四字熟語,D,熱願冷諦,ねつがんれいてい,熱心に願うことと、冷静に物事の本質を明らかにすること,熱願,ねつがん,冷諦,れいてい
1934,d四字熟語,D,燃犀之明,ねんさいのめい,物を見抜く力があること,燃犀,ねんさい,之明,のめい
1935,d四字熟語,D,能鷹隠爪,のうよういんそう,優れた人物は能力を人前でひけらかさないといこと,能鷹,のうよう,隠爪,いんそう
1936,d四字熟語,D,稗官野史,はいかんやし,人々の間に伝わるうわさなどを歴史風に書いたもの,稗官,はいかん,野史,やし
1937,d四字熟語,D,白衣蒼狗,はくいそうく,世の中の変化が速いこと,白衣,はくい,蒼狗,そうく
1938,d四字熟語,D,白虹貫日,はくこうかんじつ,反乱が起こり君主に危険が迫る予兆のこと,白虹,はくこう,貫日,かんじつ
1939,d四字熟語,D,八駒空谷,はっくくうこく,賢人がしかるべき地位に重用されず、在野にあること,八駒,はっく,空谷,くうこく
1940,d四字熟語,D,八紘一宇,はっこういちう,全世界が一つ屋根の下にあるという考え,八紘,はっこう,一宇,いちう
1941,d四字熟語,D,飛耳長目,ひじちょうもく,広範な知識を持ち、観察が鋭いこと,飛耳,ひじ,長目,ちょうもく
1942,d四字熟語,D,百伶百利,ひゃくれいひゃくり,非常に賢いこと,百伶,ひゃくれい,百利,ひゃくり
1943,d四字熟語,D,百花斉放,ひゃっかせいほう,文化や芸術が自由活発に行われること,百花,ひゃっか,斉放,せいほう
1944,d四字熟語,D,氷壺秋月,ひょうこしゅうげつ,心が澄んでいる様子,氷壺,ひょうこ,秋月,しゅうげつ
1945,d四字熟語,D,猫鼠同眠,びょうそどうみん,悪事を取り締まる側と、取り締まられる側が共謀すること,猫鼠,びょうそ,同眠,どうみん
1946,d四字熟語,D,牝鶏牡鳴,ひんけいぼめい,女性が権力を握ること,牝鶏,ひんけい,牡鳴,ぼめい
1947,d四字熟語,D,舞文曲筆,ぶぶんきょくひつ,巧みに言葉をもてあそび、事実を曲げて書くこと,舞文,ぶぶん,曲筆,きょくひつ
1948,d四字熟語,D,並駕斉駆,へいがせいく,能力などに差がないこと,並駕,へいが,斉駆,せいく
1949,d四字熟語,D,閉月羞花,へいげつしゅうか,美しい女性のたとえ,閉月,へいげつ,羞花,しゅうか
1950,d四字熟語,D,平談俗語,へいだんぞくご,日常のありふれた言葉,平談,へいだん,俗語,ぞくご
1951,d四字熟語,D,閉明塞聡,へいめいそくそう,世間と触れる機会を断つこと,閉明,へいめい,塞聡,そくそう
1952,d四字熟語,D,偏僻蔽固,へんぺきへいこ,考えが偏っていて、強情な様子,偏僻,へんぺき,蔽固,へいこ
1953,d四字熟語,D,報怨以徳,ほうえんいとく,恨みを向けられている相手にも愛情を注ぎ、利益を与えること,報怨,ほうえん,以徳,いとく
1954,d四字熟語,D,鳳凰来儀,ほうおうらいぎ,世の中が平和に治まっている様子,鳳凰,ほうおう,来儀,らいぎ
1955,d四字熟語,D,法党比周,ほうとうひしゅう,利害が一致する仲間が助け合い、それ以外の者を排除すること,法党,ほうとう,比周,ひしゅう
1956,d四字熟語,D,捧腹大笑,ほうふくたいしょう,腹をかかえて笑うこと,捧腹,ほうふく,大笑,たいしょう
1957,d四字熟語,D,無智蒙昧,むちもうまい,知識がなく愚かな様子,無智,むち,蒙昧,もうまい
1958,d四字熟語,D,明哲保身,めいてつほしん,聡明で事理に通じている人は危険を察知して身の安全を保つこと,明哲,めいてつ,保身,ほしん
1959,d四字熟語,D,名誉挽回,めいよばんかい,失った名誉や信用を取り戻すこと,名誉,めいよ,挽回,ばんかい
1960,d四字熟語,D,問牛知馬,もんぎゅうちば,相手の隠している事柄を、巧妙な尋問で明らかにすること,問牛,もんぎゅう,知馬,ちば
1961,d四字熟語,D,問鼎軽重,もんていけいちょう,権力者の実力を疑うこと,問鼎,もんてい,軽重,けいちょう
1962,d四字熟語,D,妖怪変化,ようかいへんげ,人知では容易に理解できない奇怪な現象や物体のこと,妖怪,ようかい,変化,へんげ
1963,d四字熟語,D,抑揚頓挫,よくようとんざ,盛んだった勢いが途中で弱まること,抑揚,よくよう,頓挫,とんざ
1964,d四字熟語,D,蘭亭殉葬,らんていじゅんそう,書画や骨董、器物などを非常に愛好するたとえ,蘭亭,らんてい,殉葬,じゅんそう
1965,d四字熟語,D,梁上君子,りょうじょうのくんし,泥棒のこと,梁上,りょうじょう,君子,くんし
1966,d四字熟語,D,竜騰虎闘,りょうとうことう,実力が伯仲している者同士が激しく戦うこと,竜騰,りょうとう,虎闘,ことう
1967,d四字熟語,D,麟鳳亀竜,りんぽうきりょう,平和な世に現れるとされている空想の動物。賢者のこと,麟鳳,りんぽう,亀竜,きりょう
1968,d四字熟語,D,礪山帯河,れいざんたいが,永久に不変の誓いのたとえ,礪山,れいざん,帯河,たいが
1969,d四字熟語,D,冷嘲熱罵,れいちょうねつば,冷ややかにあざけり、ひどくののしること,冷嘲,れいちょう,熱罵,ねつば
1970,d四字熟語,D,六根清浄,ろっこんしょうじょう,迷いから解き放たれて、心が清らかになること,六根,ろっこん,清浄,しょうじょう
1971,d四字熟語,D,論功行賞,ろんこうこうしょう,功績の大小を論じて定め、それにふさわしい賞を与えること,論功,ろんこう,行賞,こうしょう